revision_count,average_score,days_since_learning,days_since_last_revision,topic_complexity,retention_score
8,5.62,32,97,3,0.0
16,3.66,8,132,7,0.0
6,8.17,206,155,5,0.0
7,3.02,279,25,7,33.56
18,1.14,28,39,8,53.41999999999999
16,3.89,289,108,2,0.0
12,7.4,76,75,8,0.0
9,7.73,128,79,2,0.0
5,5.16,137,156,7,0.0
9,4.55,285,34,9,27.150000000000006
6,3.48,207,48,8,0.0
1,1.09,101,169,4,0.0
13,8.13,263,180,3,0.0
7,9.85,258,75,10,0.0
13,9.85,272,143,1,0.0
4,3.1,137,136,7,0.0
4,4.25,132,74,6,0.0
17,4.24,41,145,4,0.0
11,3.55,69,113,1,0.0
10,1.32,286,41,9,8.459999999999994
15,6.38,271,160,1,0.0
20,1.03,64,10,10,100.0
14,7.9,175,111,8,0.0
12,5.44,132,169,3,0.0
11,8.64,228,42,10,31.920000000000016
9,5.58,179,21,2,66.74000000000001
4,7.6,357,163,9,0.0
13,3.35,113,30,5,57.55
8,1.12,144,142,1,0.0
3,4.86,286,27,8,13.579999999999998
20,1.73,101,56,3,38.69
20,3.32,83,8,9,100.0
13,4.71,130,99,7,0.0
11,7.76,256,82,4,0.0
13,5.15,122,75,10,0.0
17,6.2,95,101,3,0.0
10,4.99,86,88,9,0.0
13,9.31,16,5,1,100.0
15,8.16,355,150,9,0.0
7,2.73,67,50,5,0.0
14,9.41,29,90,8,0.0
3,6.93,162,65,6,0.0
1,6.52,67,93,4,0.0
16,5.78,68,109,10,0.0
1,8.82,98,145,9,0.0
6,4.81,257,91,2,0.0
3,5.39,301,173,1,0.0
13,1.33,275,12,7,84.49
11,7.27,199,29,6,59.81
4,2.57,32,40,8,0.0
7,2.76,58,105,4,0.0
6,1.61,260,27,9,17.33
9,7.9,358,143,10,0.0
6,8.47,17,73,9,0.0
0,5.14,198,84,10,0.0
10,1.99,53,98,7,0.0
18,5.12,364,146,10,0.0
4,5.22,307,152,3,0.0
11,4.28,243,8,5,94.34
15,5.36,64,57,10,12.080000000000013
0,1.07,348,89,10,0.0
17,5.06,341,7,6,100.0
8,7.45,319,157,6,0.0
5,3.02,299,54,7,0.0
9,4.12,193,164,5,0.0
4,9.03,200,92,7,0.0
18,4.75,31,167,4,0.0
8,5.61,299,140,8,0.0
17,5.87,320,129,7,0.0
4,1.34,53,162,9,0.0
15,7.74,58,20,2,100.0
5,9.08,342,82,3,0.0
8,5.85,105,148,3,0.0
15,1.4,86,45,3,34.69999999999999
6,1.71,353,176,1,0.0
8,7.82,317,60,1,0.0
18,8.14,272,76,3,7.920000000000016
18,4.88,107,15,8,100.0
5,3.53,299,104,4,0.0
8,5.18,91,6,3,89.03999999999999
16,1.79,177,120,5,0.0
7,2.06,327,103,5,0.0
2,6.49,310,11,4,51.47
16,4.6,337,30,6,74.80000000000001
14,5.28,323,55,3,21.340000000000003
5,3.02,106,167,6,0.0
20,7.44,110,29,8,100.0
1,3.84,181,149,10,0.0
1,1.71,311,77,4,0.0
17,1.4,199,41,6,48.19999999999999
3,8.78,263,79,3,0.0
4,6.78,247,142,5,0.0
4,6.44,175,163,2,0.0
12,3.03,146,106,3,0.0
2,5.42,176,18,4,34.25999999999999
20,9.28,15,81,5,8.340000000000003
18,5.56,25,63,7,20.180000000000007
1,6.32,102,94,4,0.0
3,3.01,79,52,6,0.0
18,1.23,362,86,7,0.0
0,9.94,306,34,10,0.0
17,3.22,230,76,1,0.0
9,8.92,96,96,3,0.0
7,2.59,43,71,10,0.0
1,9.59,133,81,8,0.0
6,4.12,301,98,10,0.0
18,6.48,359,52,4,49.44
3,9.55,328,124,4,0.0
14,1.61,289,2,2,100.0
6,8.06,55,28,2,45.18000000000001
12,4.94,343,107,6,0.0
1,9.15,110,163,10,0.0
18,3.44,69,39,3,67.82
5,5.49,274,102,7,0.0
6,3.28,30,172,7,0.0
7,9.3,25,92,6,0.0
4,5.9,162,105,4,0.0
2,8.26,169,33,6,9.780000000000001
20,7.93,240,53,6,58.78999999999999
2,4.54,41,20,4,27.620000000000005
8,8.84,336,99,4,0.0
6,1.58,9,138,5,0.0
18,5.12,42,180,7,0.0
16,1.65,47,118,4,0.0
4,6.38,60,67,8,0.0
10,6.7,357,16,10,73.1
14,2.39,305,134,9,0.0
4,9.15,5,102,4,0.0
4,4.41,308,68,6,0.0
17,6.96,26,160,7,0.0
8,8.06,91,60,7,0.0
9,6.47,212,158,3,0.0
6,3.54,149,56,4,0.0
3,7.36,69,170,9,0.0
6,6.77,80,130,9,0.0
10,3.5,111,85,5,0.0
2,4.68,298,136,1,0.0
10,7.59,312,157,1,0.0
16,4.34,338,158,3,0.0
11,9.4,264,77,9,0.0
1,4.1,206,169,1,0.0
14,4.99,208,14,2,100.0
6,6.36,13,56,10,0.0
6,5.62,233,26,5,37.36
11,5.54,114,170,9,0.0
4,8.53,262,69,3,0.0
7,9.83,243,95,5,0.0
17,5.15,284,2,4,100.0
14,6.69,255,60,1,18.569999999999993
15,7.3,278,157,8,0.0
19,8.22,347,92,10,0.0
2,1.92,144,134,6,0.0
18,9.52,247,30,5,100.0
6,8.95,22,152,2,0.0
3,5.03,318,17,10,31.090000000000003
9,8.7,294,37,5,39.599999999999994
17,3.37,294,165,5,0.0
10,6.41,353,74,1,0.0
9,7.96,76,113,6,0.0
3,2.47,36,79,8,0.0
15,3.56,63,33,10,54.68000000000001
3,4.64,202,80,6,0.0
7,8.93,186,166,3,0.0
8,9.58,83,171,8,0.0
1,7.85,77,115,7,0.0
5,8.96,9,25,6,42.879999999999995
12,2.04,228,1,4,100.0
10,5.82,167,11,5,87.96000000000001
7,6.71,45,2,6,92.13
12,9.54,214,63,9,0.0
0,3.41,280,47,6,0.0
12,2.11,355,23,10,55.33
6,7.92,258,128,6,0.0
9,4.22,227,32,5,36.16
7,6.0,130,1,5,93.5
20,1.26,278,97,5,0.0
3,3.74,281,59,7,0.0
2,9.89,174,39,3,7.170000000000002
2,5.66,365,97,5,0.0
11,6.76,121,114,4,0.0
8,2.28,92,152,7,0.0
19,5.97,224,158,10,0.0
14,5.09,34,123,1,0.0
13,7.92,20,175,10,0.0
2,6.61,243,93,2,0.0
10,8.97,316,176,5,0.0
9,2.44,244,84,6,0.0
2,9.84,260,142,10,0.0
11,9.85,312,143,3,0.0
3,3.35,303,94,4,0.0
13,3.84,226,93,9,0.0
5,7.84,345,68,3,0.0
7,8.85,181,31,6,40.55
2,9.56,313,174,9,0.0
8,5.76,177,36,2,32.28
4,4.69,198,1,1,80.57
20,8.38,300,7,7,100.0
17,7.65,153,81,10,0.0
6,7.31,24,174,9,0.0
1,5.51,243,146,3,0.0
15,8.29,205,54,10,26.870000000000005
7,2.37,121,52,4,0.0
8,1.59,55,25,6,35.769999999999996
14,5.05,71,149,2,0.0
9,2.12,120,55,2,0.0
5,8.89,281,177,1,0.0
9,7.67,80,102,2,0.0
13,4.28,303,142,6,0.0
7,2.23,62,121,3,0.0
10,2.0,61,172,9,0.0
19,2.88,106,102,3,0.0
1,4.62,315,177,5,0.0
20,1.39,181,159,8,0.0
0,2.64,29,125,9,0.0
13,4.04,143,73,5,0.0
4,5.35,234,59,4,0.0
10,4.73,196,17,2,77.19
9,9.22,270,69,10,0.0
11,2.84,168,91,6,0.0
19,4.6,46,5,7,100.0
5,4.7,16,169,10,0.0
19,1.42,292,151,10,0.0
11,6.08,160,49,2,22.24000000000001
18,3.93,253,74,3,0.0
6,7.78,146,172,2,0.0
13,3.74,186,110,5,0.0
3,3.74,25,141,3,0.0
10,4.4,316,84,7,0.0
7,5.6,187,20,6,52.8
3,6.04,170,108,6,0.0
5,9.35,276,83,10,0.0
15,6.44,184,124,7,0.0
7,6.01,84,157,4,0.0
13,4.22,256,18,1,90.16
12,4.39,83,97,9,0.0
9,9.48,250,29,10,50.44
11,6.69,140,111,2,0.0
17,6.13,75,30,1,91.88999999999999
14,3.05,138,30,4,63.150000000000006
2,4.34,93,56,6,0.0
19,6.46,286,156,8,0.0
3,2.07,161,62,8,0.0
16,7.95,147,59,1,34.349999999999994
17,1.3,7,99,3,0.0
7,6.58,85,125,8,0.0
15,3.5,278,130,10,0.0
9,9.58,9,155,3,0.0
9,9.79,153,21,6,73.37
3,5.77,234,81,10,0.0
19,8.69,265,122,3,0.0
18,1.0,119,179,7,0.0
16,2.42,233,4,10,100.0
1,8.62,280,174,1,0.0
1,7.42,276,147,7,0.0
20,1.85,15,116,3,0.0
18,9.29,159,149,5,0.0
0,6.4,343,164,3,0.0
16,7.0,101,158,7,0.0
14,3.61,11,91,4,0.0
15,6.38,228,79,5,0.0
14,7.24,356,94,7,0.0
14,6.48,274,22,6,86.44
17,1.75,231,146,7,0.0
8,2.19,53,118,8,0.0
18,3.06,152,113,2,0.0
13,5.14,187,45,2,37.41999999999999
18,7.05,110,53,5,47.650000000000006
2,7.43,89,51,5,0.0
8,3.07,230,46,7,0.0
8,8.12,90,129,1,0.0
7,2.96,106,75,4,0.0
4,7.56,147,115,3,0.0
9,5.74,188,56,10,0.0
7,3.83,52,169,2,0.0
5,7.31,127,7,4,76.93
11,7.82,245,129,9,0.0
13,3.53,142,84,10,0.0
3,8.04,197,94,3,0.0
5,4.53,28,124,3,0.0
9,6.38,263,132,5,0.0
13,4.78,99,42,4,39.34
3,6.87,126,32,1,20.11
9,1.09,130,134,4,0.0
20,6.62,323,107,7,0.0
11,6.22,45,99,9,0.0
16,7.85,217,124,4,0.0
0,8.34,15,172,4,0.0
19,5.7,171,13,4,100.0
0,3.37,192,46,3,0.0
15,7.51,317,174,8,0.0
8,4.91,191,156,6,0.0
17,6.55,360,164,4,0.0
2,1.51,19,68,9,0.0
6,8.37,2,162,3,0.0
17,5.51,107,14,9,100.0
19,8.04,170,144,3,0.0
7,1.78,218,82,1,0.0
16,1.67,159,93,1,0.0
9,8.86,347,169,4,0.0
7,3.07,342,149,10,0.0
13,3.95,101,176,8,0.0
17,7.51,166,109,10,0.0
13,7.63,182,164,5,0.0
2,7.5,8,88,6,0.0
13,3.24,125,122,4,0.0
11,4.24,333,146,10,0.0
15,1.22,12,56,7,6.159999999999997
13,8.99,364,167,2,0.0
12,8.45,221,145,6,0.0
8,7.75,272,26,4,55.25
7,8.61,348,100,10,0.0
6,4.16,180,13,2,63.480000000000004
19,7.18,244,36,3,90.03999999999999
8,1.6,41,133,3,0.0
6,1.99,84,62,3,0.0
4,9.38,43,167,6,0.0
18,3.79,255,46,5,51.870000000000005
19,9.33,236,147,10,0.0
12,6.38,163,95,7,0.0
0,7.94,217,7,2,56.81999999999999
0,1.9,276,116,5,0.0
3,5.89,122,60,4,0.0
2,5.71,4,33,7,0.6299999999999955
11,9.44,207,91,4,0.0
3,9.21,237,160,8,0.0
4,1.59,344,12,7,40.269999999999996
15,6.76,7,98,7,0.0
1,6.45,276,144,8,0.0
10,3.46,292,131,2,0.0
7,8.3,181,99,2,0.0
11,9.13,16,83,6,0.0
3,2.55,4,64,7,0.0
4,6.14,88,151,1,0.0
5,6.91,81,166,8,0.0
3,8.75,332,162,5,0.0
17,6.88,218,48,5,52.139999999999986
12,5.54,154,26,7,64.12
12,8.17,194,160,1,0.0
17,6.57,228,2,9,100.0
12,1.74,20,147,7,0.0
14,6.71,267,66,5,0.6299999999999955
16,9.32,286,110,3,0.0
15,4.97,154,173,7,0.0
19,6.11,206,132,9,0.0
6,5.76,161,12,5,65.78
12,4.85,80,12,10,85.55
6,4.64,120,169,4,0.0
2,3.01,271,162,2,0.0
11,3.04,329,50,2,11.120000000000005
19,5.11,152,115,1,0.0
0,3.87,283,119,3,0.0
8,2.03,20,87,10,0.0
1,8.3,263,29,1,20.400000000000006
6,1.27,254,146,1,0.0
2,6.93,59,4,5,65.28999999999999
19,6.27,298,103,3,0.0
19,5.14,36,140,8,0.0
11,1.29,114,96,3,0.0
7,1.14,82,29,7,19.92
20,8.2,32,28,9,100.0
3,6.34,4,171,7,0.0
5,5.45,146,157,4,0.0
15,8.91,134,24,5,96.22999999999999
15,9.07,271,148,8,0.0
9,3.59,57,79,10,0.0
8,9.77,215,48,3,18.810000000000002
14,1.93,59,97,9,0.0
14,4.37,194,13,3,100.0
8,5.48,258,5,2,93.44
4,1.5,217,127,6,0.0
18,3.99,280,91,3,0.0
5,10.0,207,29,1,45.5
7,9.04,312,33,1,44.620000000000005
5,5.98,15,25,10,27.939999999999998
2,5.13,300,82,3,0.0
14,4.51,162,147,10,0.0
11,5.55,120,61,2,0.0
11,1.36,292,53,6,0.0
4,3.79,245,48,6,0.0
10,3.35,201,134,2,0.0
5,7.9,29,162,7,0.0
10,3.93,197,94,1,0.0
16,7.52,350,26,5,93.06
2,1.44,294,68,3,0.0
15,5.92,227,46,9,37.25999999999999
8,6.62,27,159,3,0.0
17,7.27,345,125,3,0.0
15,3.02,89,37,3,55.56
5,6.01,24,3,9,73.53
19,8.26,244,91,6,0.0
12,5.05,115,2,2,100.0
6,9.05,148,57,9,0.0
9,7.09,225,0,2,100.0
18,3.18,17,164,6,0.0
2,3.85,85,129,9,0.0
6,3.78,42,10,7,60.84
10,2.53,92,154,3,0.0
1,2.9,128,166,4,0.0
6,6.49,180,141,8,0.0
20,1.72,39,31,10,78.16
0,1.08,239,55,3,0.0
20,9.1,287,115,7,0.0
1,6.43,242,38,8,0.0
18,4.6,201,74,2,2.8000000000000114
1,5.1,364,97,4,0.0
11,4.1,116,129,7,0.0
19,9.61,337,45,8,71.82999999999998
10,6.99,293,146,4,0.0
18,6.52,35,62,8,23.560000000000002
17,7.85,272,11,3,100.0
0,1.85,221,68,1,0.0
0,6.64,39,100,9,0.0
3,9.23,21,1,5,83.19
5,7.46,339,55,8,0.0
17,2.44,26,31,4,74.32
12,1.07,161,38,7,26.709999999999994
9,1.97,278,46,4,2.9099999999999966
11,7.26,182,37,4,46.78
1,5.59,40,62,7,0.0
15,8.18,38,37,9,62.03999999999999
11,2.06,301,139,9,0.0
8,8.85,313,98,8,0.0
9,7.01,159,44,7,17.53
7,9.12,102,157,9,0.0
10,8.89,200,21,4,78.67
18,3.52,150,14,6,100.0
18,5.51,79,82,10,0.0
1,8.51,166,61,3,0.0
1,2.73,118,20,9,9.689999999999998
8,8.48,99,154,4,0.0
11,1.6,149,44,6,12.799999999999997
6,1.8,106,111,9,0.0
6,1.78,210,96,5,0.0
2,7.49,9,118,7,0.0
11,1.63,27,152,5,0.0
9,8.15,113,101,2,0.0
14,4.8,358,117,5,0.0
2,9.24,287,71,1,0.0
6,6.73,21,87,10,0.0
14,7.6,343,128,6,0.0
18,5.55,339,167,6,0.0
10,1.74,204,76,3,0.0
11,2.74,288,112,5,0.0
4,8.47,78,37,5,13.909999999999997
6,9.19,352,149,5,0.0
16,4.47,129,50,10,28.409999999999997
16,5.84,209,69,1,8.02000000000001
1,1.03,256,29,8,0.0
8,7.89,317,75,6,0.0
12,4.33,189,24,7,64.49
6,5.02,98,165,1,0.0
14,7.25,37,5,10,100.0
7,8.85,107,124,2,0.0
4,5.66,160,156,4,0.0
15,4.32,132,108,7,0.0
18,8.77,210,179,8,0.0
7,7.33,241,175,10,0.0
6,1.51,1,95,1,0.0
17,1.57,138,31,7,67.21000000000001
16,6.68,49,170,9,0.0
17,7.83,58,130,8,0.0
0,5.99,202,80,4,0.0
14,8.22,158,121,1,0.0
9,1.27,204,119,4,0.0
19,8.31,84,154,6,0.0
3,4.65,68,100,2,0.0
2,6.43,109,59,5,0.0
17,4.28,340,137,4,0.0
16,8.48,361,148,9,0.0
10,1.39,342,81,9,0.0
7,8.43,304,29,6,43.28999999999999
0,2.92,137,167,9,0.0
5,4.27,311,176,2,0.0
4,2.05,176,119,4,0.0
11,3.51,96,87,6,0.0
0,3.51,227,169,2,0.0
7,8.2,4,48,1,12.099999999999994
9,6.93,126,71,8,0.0
1,4.82,304,84,9,0.0
11,2.26,127,41,10,14.780000000000001
17,4.92,288,96,3,0.0
8,9.65,316,165,4,0.0
2,4.96,29,175,8,0.0
4,9.62,294,1,10,81.86
20,3.55,338,67,5,19.150000000000006
8,6.84,319,109,1,0.0
8,3.92,102,78,7,0.0
16,3.78,12,136,1,0.0
1,7.72,229,177,10,0.0
0,1.89,340,164,3,0.0
15,2.59,281,112,2,0.0
4,1.26,231,84,9,0.0
11,9.09,253,82,9,0.0
10,4.39,294,34,3,40.67
18,8.62,81,25,1,100.0
8,1.64,20,89,2,0.0
17,3.01,47,120,4,0.0
11,1.1,87,76,5,0.0
20,3.64,132,6,1,100.0
9,6.41,26,146,1,0.0
10,1.25,315,157,10,0.0
4,9.91,289,47,1,4.230000000000004
6,5.53,225,129,5,0.0
13,2.6,10,49,7,14.299999999999997
1,1.35,168,132,2,0.0
5,3.33,324,97,6,0.0
5,5.88,33,9,6,65.64
9,2.58,77,100,8,0.0
2,5.08,160,123,6,0.0
7,3.27,272,173,10,0.0
12,2.15,39,97,7,0.0
2,7.42,222,49,5,0.0
13,7.53,71,144,10,0.0
4,6.91,58,180,3,0.0
14,1.31,291,111,8,0.0
8,4.35,56,155,7,0.0
4,6.18,278,33,5,15.039999999999992
14,9.35,108,97,9,0.0
9,6.97,176,159,2,0.0
17,6.38,286,171,3,0.0
11,9.34,203,139,7,0.0
3,4.86,298,113,4,0.0
13,7.33,302,96,8,0.0
11,6.72,41,171,7,0.0
4,3.49,164,144,8,0.0
8,4.24,222,79,6,0.0
9,3.17,149,20,4,58.510000000000005
6,7.59,82,89,1,0.0
16,3.34,172,147,7,0.0
4,7.03,353,63,3,0.0
19,7.89,97,21,1,100.0
0,2.22,47,67,3,0.0
12,9.39,307,103,6,0.0
19,8.89,347,117,4,0.0
19,9.73,181,114,1,0.0
5,6.87,54,173,3,0.0
17,4.69,311,64,6,12.069999999999993
16,7.67,151,7,4,100.0
12,7.72,145,82,7,0.0
14,8.75,39,113,1,0.0
11,1.75,245,1,10,93.25
15,6.02,343,16,9,97.56
8,2.8,1,102,10,0.0
9,5.15,264,65,1,0.0
13,3.23,316,95,9,0.0
2,9.83,50,65,4,0.0
7,4.46,209,122,4,0.0
3,4.04,56,11,7,44.620000000000005
16,3.54,258,113,10,0.0
20,2.01,362,122,2,0.0
1,6.61,62,158,3,0.0
2,9.97,353,72,10,0.0
15,7.69,61,56,10,21.069999999999993
14,4.2,18,58,6,7.599999999999994
15,7.09,249,37,6,63.27000000000001
17,4.69,300,162,5,0.0
12,5.37,245,165,8,0.0
20,7.57,258,53,9,53.21000000000001
14,5.98,100,22,10,78.94
8,5.29,165,4,7,87.37
15,7.83,144,46,5,48.99000000000001
9,9.33,142,61,5,0.0
18,4.26,123,148,1,0.0
12,7.27,345,93,9,0.0
15,2.59,85,40,9,39.27000000000001
4,7.46,244,58,10,0.0
10,4.74,334,96,2,0.0
0,6.51,341,170,6,0.0
0,6.62,20,173,7,0.0
11,2.49,238,110,4,0.0
1,4.33,270,25,10,2.989999999999995
3,8.3,73,84,3,0.0
15,3.32,161,134,4,0.0
1,8.74,244,91,2,0.0
17,9.83,334,8,6,100.0
12,5.48,306,176,4,0.0
16,4.7,207,161,4,0.0
7,2.45,188,158,1,0.0
19,6.04,112,101,6,0.0
7,9.51,35,99,9,0.0
5,5.68,232,172,7,0.0
11,8.96,183,69,9,0.0
8,3.63,334,84,5,0.0
18,4.5,253,105,4,0.0
7,1.05,104,167,4,0.0
0,1.07,54,136,5,0.0
18,1.13,69,139,2,0.0
6,7.89,53,113,6,0.0
3,7.52,151,44,10,0.0
15,4.83,54,92,3,0.0
1,9.98,186,174,7,0.0
6,6.73,17,10,6,71.19
8,5.05,60,68,10,0.0
15,3.88,279,168,5,0.0
20,7.88,56,175,3,0.0
5,4.98,203,162,2,0.0
5,4.02,94,110,1,0.0
7,8.37,57,25,7,49.61
8,6.27,157,8,2,89.81
20,8.84,210,16,4,100.0
16,8.11,14,67,7,9.829999999999984
20,1.95,167,124,8,0.0
20,8.33,193,81,1,11.490000000000009
6,1.12,6,6,6,62.36
19,9.47,246,34,10,90.41
11,3.88,53,81,4,0.0
11,7.83,163,57,2,11.490000000000009
18,7.22,313,94,9,0.0
19,3.73,20,34,8,76.19
9,9.97,69,61,2,0.0
3,5.85,239,130,4,0.0
9,9.4,168,153,10,0.0
10,2.06,286,45,6,7.180000000000007
10,7.98,64,56,5,4.439999999999998
3,1.46,328,8,7,42.879999999999995
20,1.14,33,48,2,54.41999999999999
14,6.08,140,88,5,0.0
18,1.17,61,156,3,0.0
9,3.6,356,18,4,63.8
11,2.29,335,63,6,0.0
18,9.13,333,168,5,0.0
15,5.21,110,93,10,0.0
6,9.61,187,41,10,11.829999999999998
6,7.16,193,57,1,0.0
7,4.96,221,141,4,0.0
17,6.57,119,125,9,0.0
20,5.18,122,100,3,0.0
3,9.04,273,104,8,0.0
1,6.28,39,141,3,0.0
5,1.51,256,6,8,55.53
6,7.64,180,157,1,0.0
0,3.81,98,30,7,0.0
4,8.21,353,76,7,0.0
17,6.64,3,66,10,7.9199999999999875
13,7.14,54,21,7,83.91999999999999
1,3.97,186,73,10,0.0
0,4.57,353,97,5,0.0
6,3.77,59,172,7,0.0
17,7.68,45,43,4,66.03999999999999
4,1.93,105,162,1,0.0
0,4.57,175,50,8,0.0
10,1.49,43,89,10,0.0
2,3.67,292,119,6,0.0
1,4.04,352,113,5,0.0
5,9.78,162,7,1,88.84
2,9.41,151,167,9,0.0
18,7.65,102,152,2,0.0
3,5.0,340,12,6,47.0
9,8.5,40,26,9,55.0
19,1.25,325,45,3,54.25
2,1.57,47,147,1,0.0
16,8.51,337,9,6,100.0
8,1.17,290,79,6,0.0
8,2.9,270,98,7,0.0
1,3.48,44,136,6,0.0
10,5.62,43,12,8,80.86
4,4.56,94,178,10,0.0
0,6.63,169,134,1,0.0
1,6.89,252,46,9,0.0
7,2.59,295,167,3,0.0
20,7.11,15,86,4,0.0
19,1.28,296,45,9,45.34
12,7.11,60,96,6,0.0
2,1.51,167,172,6,0.0
0,2.3,268,8,3,36.4
13,4.37,351,64,7,0.0
8,2.99,168,156,10,0.0
20,1.6,26,110,6,0.0
16,1.18,179,1,3,100.0
13,7.34,44,83,3,0.0
11,1.65,233,55,2,0.0
17,1.78,251,128,1,0.0
13,6.18,288,130,7,0.0
4,2.87,221,30,9,5.109999999999999
0,9.2,43,155,2,0.0
2,9.26,154,78,2,0.0
5,5.7,47,118,10,0.0
10,3.51,122,55,10,0.0
14,9.44,192,153,8,0.0
15,5.23,174,126,7,0.0
1,6.46,305,59,3,0.0
0,5.78,341,97,6,0.0
17,8.42,93,27,8,94.25999999999999
10,6.68,95,35,7,39.53999999999999
17,2.52,217,173,2,0.0
19,1.87,314,57,10,21.610000000000014
16,8.11,90,171,8,0.0
17,4.74,27,25,6,90.22
17,5.31,90,127,6,0.0
6,9.43,207,126,5,0.0
9,4.44,304,77,7,0.0
9,4.27,300,138,9,0.0
20,7.24,357,117,2,0.0
16,7.05,122,154,2,0.0
13,3.74,232,147,6,0.0
15,3.62,147,169,2,0.0
10,4.13,273,96,2,0.0
12,4.63,316,126,3,0.0
4,4.73,158,151,4,0.0
0,8.15,327,26,7,11.950000000000003
0,9.4,197,60,8,0.0
12,3.37,199,150,4,0.0
4,6.86,291,17,9,43.08
4,7.03,84,33,3,20.590000000000003
11,4.21,163,166,3,0.0
17,7.65,215,50,5,50.44999999999999
9,4.92,166,92,6,0.0
12,2.67,284,62,8,0.0
11,5.99,335,119,10,0.0
20,8.46,188,117,7,0.0
13,9.9,346,45,3,50.19999999999999
9,1.53,227,91,2,0.0
16,5.21,94,21,1,100.0
14,2.63,335,177,5,0.0
2,5.81,130,9,6,50.43000000000001
0,7.62,297,60,4,0.0
10,1.89,182,157,9,0.0
17,9.08,353,37,2,85.24000000000001
18,2.25,205,16,2,100.0
19,4.37,45,148,4,0.0
20,3.98,76,173,4,0.0
2,8.78,114,64,1,0.0
14,3.62,93,13,8,92.86000000000001
0,1.86,209,83,2,0.0
9,1.32,203,63,1,0.0
3,6.74,292,164,4,0.0
9,5.89,342,62,7,0.0
18,1.07,326,7,10,100.0
19,5.31,15,161,2,0.0
20,2.13,35,10,6,100.0
1,9.29,76,7,9,55.370000000000005
6,6.46,217,16,8,55.379999999999995
5,2.51,66,87,4,0.0
16,9.89,234,107,3,0.0
8,7.12,304,100,3,0.0
6,8.75,322,31,5,36.75
14,3.12,51,41,1,45.860000000000014
7,5.27,87,151,8,0.0
16,1.24,108,28,9,64.22
16,9.41,167,75,6,0.0
1,9.31,275,92,4,0.0
11,7.16,238,105,9,0.0
0,5.27,86,17,1,30.310000000000002
16,5.44,28,172,8,0.0
6,5.37,296,66,9,0.0
18,5.01,175,130,3,0.0
3,5.98,132,155,2,0.0
17,6.69,23,12,10,100.0
7,7.68,118,70,5,0.0
1,3.11,266,30,9,0.0
6,6.77,159,44,3,7.810000000000002
18,1.98,200,30,3,81.44
3,5.83,132,134,6,0.0
7,7.28,280,49,1,7.340000000000003
19,8.7,193,1,2,100.0
1,8.26,30,99,1,0.0
17,4.74,120,160,4,0.0
16,2.96,341,115,10,0.0
14,5.16,77,160,5,0.0
13,1.41,189,134,3,0.0
7,9.78,101,18,10,63.34
18,6.28,243,11,4,100.0
19,6.19,119,96,8,0.0
11,7.8,297,52,4,18.400000000000006
18,2.72,137,36,3,71.66
11,5.19,66,39,7,32.06999999999999
0,7.51,257,154,1,0.0
0,7.75,60,176,3,0.0
1,5.39,143,10,8,39.17
15,2.36,54,129,4,0.0
8,3.74,252,133,10,0.0
10,3.89,159,102,6,0.0
14,1.08,300,117,8,0.0
6,3.45,100,95,5,0.0
3,7.28,308,121,10,0.0
11,3.35,137,106,8,0.0
9,3.28,79,167,10,0.0
2,7.34,241,21,1,38.519999999999996
12,7.28,95,124,10,0.0
19,6.21,157,26,8,99.63
20,8.43,48,7,7,100.0
5,7.15,137,79,10,0.0
13,9.27,79,99,7,0.0
4,2.49,345,48,4,0.0
14,8.22,174,7,9,100.0
2,1.58,295,1,3,58.239999999999995
17,6.58,264,88,9,0.0
14,9.44,85,96,6,0.0
11,3.51,362,95,3,0.0
2,8.5,254,1,1,82.0
7,4.25,86,55,7,0.0
4,9.34,229,165,10,0.0
4,7.65,132,53,6,0.0
9,5.88,72,81,8,0.0
7,7.88,242,48,7,2.1400000000000006
9,9.32,18,101,10,0.0
5,8.74,339,127,6,0.0
7,9.12,108,34,1,42.86
4,5.33,140,14,8,45.989999999999995
17,3.29,91,95,6,0.0
19,7.58,195,147,9,0.0
4,6.19,350,13,7,52.06999999999999
20,3.44,299,161,7,0.0
19,6.01,133,3,6,100.0
14,2.22,339,81,10,0.0
13,4.36,117,157,9,0.0
9,2.85,93,130,2,0.0
12,1.55,221,69,2,0.0
5,7.55,252,48,8,0.0
4,9.49,54,143,8,0.0
13,6.15,74,66,6,0.0
11,7.8,25,140,9,0.0
18,6.46,73,176,1,0.0
4,6.75,314,150,8,0.0
3,8.82,91,90,1,0.0
2,8.93,308,146,1,0.0
1,3.67,3,176,1,0.0
4,1.78,302,79,1,0.0
11,3.41,192,114,9,0.0
13,4.34,314,112,1,0.0
17,9.28,204,126,9,0.0
20,6.47,212,94,2,0.0
4,3.57,81,61,8,0.0
9,6.94,12,57,3,0.0
8,1.62,343,90,9,0.0
0,5.36,275,40,3,0.0
15,7.97,226,113,10,0.0
3,4.43,245,137,6,0.0
20,8.87,36,14,1,100.0
8,6.62,174,96,5,0.0
0,2.24,33,134,10,0.0
2,7.14,20,41,8,0.0
4,6.36,14,54,7,0.0
1,2.94,125,175,3,0.0
7,1.91,23,54,1,0.0
3,3.65,193,163,9,0.0
6,1.5,38,106,2,0.0
20,8.12,77,110,5,0.0
18,4.52,191,20,7,100.0
4,5.92,146,156,1,0.0
16,5.14,11,112,6,0.0
14,5.89,349,31,4,69.66999999999999
17,9.78,90,49,8,54.34
12,3.1,363,38,6,34.3
17,2.42,142,81,7,0.0
13,3.02,64,91,5,0.0
13,3.44,205,87,4,0.0
12,2.41,4,21,4,69.23
13,7.15,29,20,9,82.94999999999999
3,8.78,61,55,10,0.0
14,6.23,2,87,1,0.0
12,8.99,349,156,3,0.0
2,3.67,13,176,8,0.0
11,7.53,187,124,3,0.0
15,5.46,89,149,9,0.0
20,2.76,96,147,2,0.0
6,5.9,125,36,6,16.700000000000003
10,7.97,347,128,7,0.0
10,9.28,30,67,8,0.0
6,6.91,9,37,8,14.730000000000004
17,7.22,365,39,5,71.16
1,8.41,133,142,2,0.0
19,5.52,332,145,2,0.0
16,4.99,36,83,2,0.0
0,5.75,38,132,5,0.0
6,2.94,244,175,6,0.0
12,9.17,57,162,10,0.0
0,9.14,180,153,8,0.0
1,5.43,169,171,7,0.0
4,9.62,39,83,1,0.0
2,4.19,121,58,2,0.0
14,4.75,303,80,4,0.0
9,9.51,359,151,1,0.0
11,9.98,74,61,9,0.0
16,5.93,233,18,8,99.78999999999999
6,9.22,198,7,4,87.66
12,6.69,175,131,8,0.0
4,6.55,29,3,4,77.65
7,9.28,239,5,9,89.34
9,4.07,294,114,9,0.0
15,5.66,193,155,9,0.0
18,9.96,103,140,2,0.0
8,5.62,82,170,2,0.0
13,2.44,62,24,4,68.32
15,8.59,353,119,3,0.0
15,9.92,287,178,10,0.0
20,7.7,347,17,10,100.0
10,1.05,302,44,5,7.650000000000006
5,3.65,111,120,5,0.0
11,2.89,76,37,3,35.17
10,6.54,259,141,3,0.0
4,2.17,327,111,4,0.0
10,2.67,284,123,10,0.0
19,2.95,315,146,8,0.0
0,6.19,103,148,1,0.0
2,4.0,155,74,2,0.0
7,1.25,303,50,2,0.0
2,2.21,71,140,1,0.0
12,5.24,82,156,8,0.0
17,5.89,221,148,3,0.0
10,9.4,273,168,2,0.0
15,4.6,199,29,4,74.80000000000001
15,2.44,159,6,1,100.0
5,2.47,207,86,7,0.0
2,7.68,144,13,7,46.53999999999999
16,9.26,130,135,5,0.0
6,8.34,292,62,9,0.0
0,3.97,109,12,3,33.41
3,2.55,124,90,1,0.0
9,1.84,195,151,10,0.0
7,4.99,214,124,8,0.0
11,3.5,221,153,1,0.0
20,6.51,196,24,8,100.0
19,4.56,114,153,6,0.0
9,4.38,364,53,6,0.0
19,5.46,217,53,1,53.879999999999995
14,7.52,18,145,7,0.0
17,4.6,275,122,8,0.0
17,7.01,251,80,5,0.0
19,7.67,32,5,9,100.0
0,2.27,208,171,9,0.0
6,4.08,158,118,9,0.0
5,8.59,345,96,9,0.0
0,2.91,196,64,7,0.0
3,5.85,122,94,2,0.0
19,1.33,65,116,2,0.0
11,1.88,109,70,4,0.0
14,1.17,240,160,10,0.0
3,7.02,138,155,1,0.0
6,9.65,18,122,3,0.0
5,6.87,323,92,3,0.0
2,1.34,198,170,9,0.0
11,6.97,287,70,4,0.0
6,6.0,81,103,8,0.0
3,8.46,70,148,2,0.0
7,9.28,83,31,2,47.84
10,8.46,3,83,6,0.0
11,6.35,105,158,8,0.0
1,2.89,254,134,9,0.0
2,5.46,156,95,8,0.0
13,5.37,58,117,8,0.0
15,1.0,312,51,4,20.0
7,5.88,107,112,1,0.0
2,4.21,342,119,1,0.0
4,7.67,14,72,3,0.0
8,3.81,130,2,10,82.43
4,1.72,170,171,6,0.0
10,3.5,251,68,8,0.0
1,5.08,13,36,10,0.0
2,6.88,9,170,3,0.0
2,7.65,345,132,7,0.0
11,3.38,69,10,4,89.14
17,2.07,165,118,1,0.0
17,6.62,166,149,3,0.0
0,3.18,106,125,7,0.0
15,7.48,268,146,5,0.0
16,9.53,23,122,9,0.0
6,5.44,234,134,7,0.0
18,4.17,165,54,10,29.50999999999999
14,3.8,266,47,5,29.900000000000006
18,3.88,333,62,5,20.139999999999986
8,9.75,301,164,5,0.0
6,8.74,112,12,4,76.22
9,7.06,355,33,2,47.18000000000001
4,2.17,348,124,3,0.0
0,5.71,312,176,5,0.0
8,1.62,25,98,9,0.0
14,6.92,11,154,4,0.0
2,2.86,314,70,6,0.0
2,4.68,62,173,6,0.0
1,9.02,1,15,5,44.56
15,6.57,339,47,3,46.21000000000001
18,2.31,314,35,10,61.93000000000001
2,2.29,90,42,1,0.0
6,7.61,168,137,6,0.0
9,9.45,321,70,5,0.0
19,3.29,52,46,5,55.370000000000005
16,1.08,168,149,8,0.0
17,9.11,57,56,9,36.829999999999984
5,7.98,239,82,8,0.0
9,4.86,279,3,3,99.08
10,3.73,266,2,9,93.69
7,3.03,161,40,6,5.090000000000003
20,6.75,121,79,1,10.75
20,7.61,262,38,3,92.33000000000001
15,5.64,211,114,6,0.0
7,8.04,332,155,5,0.0
9,4.67,286,165,10,0.0
8,4.38,315,51,4,0.0
5,6.51,129,176,9,0.0
1,1.21,172,96,10,0.0
13,4.94,336,138,6,0.0
6,8.21,239,87,7,0.0
3,5.6,261,122,4,0.0
4,3.99,30,89,9,0.0
17,5.72,320,145,6,0.0
13,4.49,117,76,10,0.0
5,6.67,18,16,7,52.50999999999999
9,9.12,287,25,3,67.86
19,1.02,49,169,6,0.0
8,2.61,124,14,8,57.83
17,2.66,275,1,2,100.0
4,9.84,65,119,8,0.0
15,7.0,68,34,8,66.0
4,6.62,180,150,10,0.0
8,6.33,323,139,1,0.0
11,3.65,247,99,6,0.0
2,7.31,71,2,2,74.93
7,7.13,179,78,9,0.0
0,7.24,193,145,1,0.0
20,2.03,201,174,10,0.0
0,6.9,4,76,3,0.0
1,8.29,263,28,3,19.370000000000005
7,1.33,35,49,6,0.0
19,2.7,236,170,9,0.0
8,4.7,202,6,8,80.1
14,6.22,7,55,4,22.659999999999997
6,8.51,49,139,9,0.0
3,1.32,28,101,6,0.0
12,9.58,166,37,10,49.74000000000001
13,9.94,317,9,10,100.0
2,1.15,69,180,3,0.0
15,5.64,224,65,1,10.419999999999987
8,9.81,104,171,4,0.0
18,5.33,120,65,3,21.49000000000001
8,6.99,159,101,4,0.0
9,8.62,308,65,8,0.0
1,3.84,247,94,8,0.0
17,4.34,67,151,8,0.0
3,1.67,11,99,2,0.0
16,1.28,348,26,1,80.34
2,1.8,313,122,10,0.0
4,1.76,245,49,4,0.0
16,3.91,243,112,7,0.0
6,7.39,313,105,3,0.0
17,4.14,277,101,7,0.0
19,2.12,340,102,4,0.0
4,3.42,94,128,7,0.0
10,8.72,80,118,4,0.0
1,3.18,189,30,6,0.0
3,3.36,316,156,7,0.0
19,9.01,240,83,10,0.0
18,1.34,11,168,1,0.0
11,7.26,233,176,9,0.0
2,8.58,36,9,9,54.24000000000001
16,8.3,50,51,2,49.900000000000006
7,6.21,351,9,6,76.63
5,3.39,86,92,3,0.0
11,5.72,190,141,1,0.0
6,3.6,351,85,8,0.0
7,4.41,202,142,6,0.0
9,5.93,231,124,9,0.0
14,6.42,254,6,3,100.0
4,4.77,175,56,6,0.0
2,2.0,86,75,9,0.0
10,4.13,304,125,9,0.0
14,9.42,43,58,10,17.25999999999999
16,3.67,99,32,6,68.00999999999999
5,9.31,172,36,8,18.930000000000007
10,7.85,247,25,9,60.05
20,6.3,305,99,7,0.0
14,7.5,50,86,9,0.0
13,9.0,156,73,6,0.0
16,9.01,121,144,4,0.0
5,5.48,53,36,10,4.439999999999998
12,5.32,130,51,8,11.960000000000008
9,7.75,18,90,3,0.0
16,4.13,314,104,9,0.0
15,2.94,357,134,1,0.0
2,5.28,203,137,4,0.0
11,5.68,143,134,7,0.0
6,6.82,134,87,1,0.0
6,4.16,160,126,1,0.0
2,2.05,112,106,1,0.0
8,6.74,304,38,9,20.72
8,5.16,69,134,9,0.0
9,9.49,221,161,3,0.0
8,8.0,63,69,8,0.0
20,1.85,194,123,6,0.0
1,8.29,38,69,2,0.0
1,3.16,176,121,5,0.0
14,1.39,133,87,10,0.0
10,1.3,111,90,8,0.0
11,6.24,297,35,2,50.72
11,8.95,169,84,9,0.0
4,2.01,48,113,6,0.0
10,9.8,161,129,9,0.0
14,9.08,231,105,4,0.0
20,4.72,56,17,7,100.0
16,3.09,9,127,3,0.0
11,5.99,315,48,10,11.969999999999999
17,5.27,47,87,1,0.0
17,9.35,75,34,8,83.05000000000001
6,9.75,166,11,6,78.25
16,9.48,71,55,1,46.94
5,2.33,232,101,5,0.0
5,1.63,266,37,1,4.390000000000001
11,4.24,150,47,2,20.72
10,1.56,133,82,9,0.0
8,2.05,125,97,9,0.0
0,2.11,260,104,6,0.0
2,3.73,314,116,5,0.0
14,1.39,212,27,7,59.67
9,3.57,331,144,2,0.0
7,2.52,147,114,9,0.0
1,5.6,123,120,6,0.0
5,2.02,92,148,2,0.0
18,2.54,241,8,3,100.0
3,7.21,110,13,5,53.129999999999995
0,9.07,45,24,8,17.210000000000008
16,6.03,26,124,2,0.0
0,7.5,355,37,7,0.0
14,4.61,252,172,4,0.0
0,5.1,317,152,3,0.0
12,4.04,171,177,9,0.0
6,5.0,339,47,5,0.0
19,6.26,313,98,4,0.0
20,4.99,311,0,2,100.0
1,3.17,232,74,9,0.0
20,1.18,336,4,9,100.0
10,2.93,308,9,6,81.79
0,9.6,193,65,3,0.0
12,4.23,126,11,10,85.69
0,4.24,289,1,7,50.22
19,3.68,165,112,3,0.0
11,6.19,288,57,5,2.069999999999993
13,6.2,102,12,1,100.0
8,1.44,97,88,8,0.0
7,1.58,211,146,1,0.0
12,2.43,132,152,5,0.0
8,9.59,272,82,9,0.0
18,1.15,122,63,6,8.449999999999989
17,9.6,17,178,6,0.0
11,4.32,119,22,3,69.46000000000001
17,1.61,21,24,9,78.33000000000001
2,5.32,79,54,4,0.0
18,9.88,242,150,6,0.0
10,5.77,15,93,1,0.0
15,6.85,166,180,9,0.0
20,9.91,77,1,4,100.0
3,2.31,234,53,8,0.0
9,3.92,123,59,6,0.0
15,1.02,269,52,1,22.560000000000002
10,6.96,332,151,6,0.0
8,7.27,331,117,5,0.0
8,3.9,132,63,4,0.0
1,8.37,33,107,7,0.0
14,3.43,120,131,10,0.0
8,9.03,334,73,1,0.0
12,7.43,172,55,5,14.789999999999992
6,6.25,36,141,5,0.0
13,1.65,61,87,6,0.0
18,4.6,330,31,3,87.30000000000001
0,3.93,343,71,3,0.0
3,1.53,312,34,3,0.0
9,6.61,344,51,7,2.3299999999999983
17,5.93,245,74,7,0.0
13,7.0,26,76,6,0.0
6,9.72,73,33,5,35.66
9,9.92,32,14,2,93.75999999999999
17,9.73,320,125,5,0.0
14,1.22,55,151,2,0.0
0,7.44,316,3,5,58.81999999999999
14,4.86,77,112,10,0.0
2,6.17,240,110,2,0.0
18,1.52,107,16,7,100.0
15,4.06,355,142,8,0.0
17,4.83,68,136,1,0.0
16,6.07,27,28,10,77.21000000000001
19,2.59,294,77,10,0.0
7,1.38,236,96,3,0.0
5,1.91,109,109,9,0.0
6,6.22,131,178,3,0.0
12,9.51,156,173,1,0.0
1,4.59,349,141,7,0.0
6,2.8,269,136,6,0.0
19,4.57,314,163,3,0.0
10,7.98,356,133,7,0.0
2,6.11,282,71,9,0.0
2,9.36,295,62,9,0.0
2,5.26,48,84,9,0.0
20,2.29,110,153,9,0.0
1,8.1,239,25,5,21.799999999999997
15,8.31,106,104,3,0.0
15,7.23,355,91,6,0.0
11,4.37,196,133,6,0.0
17,7.24,6,137,10,0.0
20,9.31,43,84,1,8.430000000000007
12,9.63,231,0,6,100.0
19,7.7,82,92,10,0.0
16,4.55,66,151,3,0.0
0,7.6,14,148,3,0.0
1,7.66,341,55,3,0.0
14,3.17,359,131,4,0.0
2,9.58,76,104,6,0.0
1,2.67,264,150,1,0.0
5,8.1,33,172,6,0.0
5,6.09,178,95,8,0.0
1,3.72,7,17,8,20.159999999999997
2,6.16,200,18,5,34.980000000000004
2,4.49,118,21,8,19.47
4,8.31,165,141,2,0.0
18,3.06,118,81,4,0.0
18,1.74,301,174,2,0.0
7,8.93,147,54,4,0.0
18,1.11,108,39,5,57.83000000000001
18,1.71,77,49,4,41.129999999999995
16,8.53,284,20,8,100.0
8,1.93,23,9,7,67.29
15,9.09,64,116,2,0.0
19,8.03,121,136,10,0.0
17,1.29,210,32,4,68.87
9,5.52,41,146,5,0.0
6,3.12,21,138,2,0.0
4,4.29,326,61,4,0.0
19,9.41,137,165,2,0.0
13,8.29,285,28,3,79.37
12,9.5,250,144,10,0.0
12,1.35,342,65,2,0.0
2,5.39,122,136,5,0.0
20,2.42,159,16,1,100.0
10,7.73,227,54,7,4.689999999999998
20,1.66,44,18,1,100.0
15,1.44,296,163,9,0.0
1,8.24,8,66,5,0.0
12,8.88,318,163,2,0.0
11,8.03,65,22,5,77.59
2,7.28,310,164,5,0.0
17,9.84,103,159,2,0.0
9,8.48,74,147,6,0.0
6,3.56,130,74,10,0.0
8,9.03,361,97,10,0.0
4,9.88,62,112,5,0.0
19,7.72,245,26,7,100.0
18,5.94,129,26,2,100.0
8,3.28,270,67,7,0.0
12,4.67,285,73,3,0.0
6,5.49,328,123,7,0.0
9,6.63,297,144,2,0.0
3,9.9,58,126,10,0.0
20,8.45,52,159,10,0.0
17,8.64,358,79,6,0.0
2,8.72,160,100,8,0.0
16,7.29,278,104,7,0.0
14,1.88,293,63,4,0.0
12,1.71,218,13,6,80.13
19,3.26,344,68,7,8.280000000000001
15,2.22,115,27,7,67.16
12,2.86,4,140,8,0.0
10,2.88,68,87,6,0.0
13,7.55,216,92,3,0.0
10,3.21,238,43,2,20.629999999999995
18,5.82,260,32,4,87.46000000000001
16,2.54,45,173,4,0.0
10,1.97,139,171,8,0.0
1,9.98,200,148,3,0.0
0,7.89,16,108,5,0.0
11,6.96,224,110,5,0.0
4,6.43,315,15,10,44.28999999999999
13,3.74,349,113,1,0.0
8,5.55,255,180,5,0.0
9,5.92,162,75,9,0.0
2,1.2,159,150,5,0.0
14,5.9,272,166,5,0.0
8,1.06,59,110,4,0.0
1,3.74,86,58,2,0.0
4,6.69,158,147,9,0.0
7,9.64,93,117,3,0.0
6,5.05,155,3,6,80.15
0,9.98,59,139,6,0.0
1,9.56,28,136,7,0.0
7,9.38,241,49,6,6.140000000000001
8,3.97,293,135,8,0.0
11,3.89,226,155,6,0.0
11,9.17,184,134,2,0.0
4,9.76,337,170,2,0.0
12,8.95,254,135,1,0.0
15,3.0,86,29,8,64.0
1,3.83,140,85,1,0.0
9,8.91,338,95,10,0.0
8,3.98,335,143,8,0.0
16,1.78,8,177,10,0.0
3,3.21,182,2,3,66.13
7,9.64,330,116,8,0.0
10,1.9,173,139,3,0.0
1,4.56,246,41,3,0.0
10,9.19,8,80,8,0.0
6,5.85,115,87,2,0.0
19,8.17,285,27,8,100.0
5,6.19,242,34,8,13.569999999999993
14,2.51,319,88,3,0.0
5,5.08,54,160,6,0.0
13,8.73,227,19,4,97.19
0,8.55,17,85,9,0.0
7,8.69,30,47,6,8.069999999999993
4,8.06,314,74,9,0.0
18,8.68,70,19,4,100.0
17,5.68,61,44,4,58.03999999999999
3,4.29,111,1,2,72.87
15,3.74,124,104,2,0.0
0,4.83,198,17,10,15.489999999999995
8,9.51,91,1,2,100.0
5,1.48,17,35,3,4.939999999999998
18,7.56,108,135,6,0.0
13,8.41,270,172,1,0.0
16,7.83,360,100,9,0.0
10,8.07,104,25,7,63.71000000000001
1,9.98,212,84,2,0.0
4,7.1,26,57,3,0.0
18,8.25,27,3,6,100.0
10,1.77,22,99,8,0.0
12,3.43,349,178,2,0.0
9,4.98,166,74,3,0.0
19,5.74,89,80,7,0.0
0,6.74,185,54,6,0.0
8,9.12,29,137,8,0.0
8,7.8,158,123,3,0.0
9,1.23,199,14,6,61.69
0,9.29,347,56,4,0.0
8,3.62,195,23,2,51.86
9,3.33,312,133,10,0.0
7,5.37,95,109,6,0.0
1,8.76,230,14,2,50.28
1,9.0,6,0,7,71.5
17,9.62,51,130,2,0.0
10,9.85,262,138,2,0.0
11,4.26,20,160,1,0.0
9,9.28,281,111,2,0.0
10,9.14,63,163,3,0.0
15,9.93,69,129,9,0.0
4,6.5,132,52,10,0.0
14,9.49,221,94,2,0.0
18,6.43,253,4,6,100.0
2,9.85,130,153,1,0.0
18,9.08,150,169,6,0.0
7,5.03,211,163,4,0.0
3,3.57,184,56,4,0.0
9,9.69,117,42,2,37.06999999999999
16,2.12,149,152,3,0.0
11,6.78,321,145,3,0.0
3,6.16,286,150,1,0.0
4,4.51,358,1,3,77.03
2,3.32,288,50,10,0.0
13,5.75,196,70,7,0.0
13,6.08,42,80,7,0.0
4,9.32,82,77,7,0.0
0,5.82,144,113,3,0.0
20,5.23,91,130,1,0.0
6,9.01,274,3,5,93.53
0,5.84,150,83,2,0.0
13,5.53,148,15,1,100.0
6,5.13,273,130,7,0.0
17,2.77,286,76,10,0.0
19,7.5,199,151,7,0.0
9,1.15,184,80,10,0.0
11,9.69,360,103,8,0.0
15,2.08,173,56,6,10.240000000000009
20,6.72,47,84,3,0.0
1,2.33,23,68,3,0.0
11,9.97,182,168,6,0.0
17,8.78,302,32,1,95.84
5,2.51,87,75,1,0.0
14,7.69,343,9,4,100.0
19,7.21,140,78,2,7.6299999999999955
11,2.73,102,31,2,48.19
5,9.53,277,139,10,0.0
17,9.03,255,152,2,0.0
13,7.82,180,63,6,3.460000000000008
15,2.3,59,2,5,100.0
8,9.67,113,166,3,0.0
18,5.53,176,109,3,0.0
10,9.64,272,46,2,33.920000000000016
7,3.69,14,64,3,0.0
4,2.51,72,0,3,73.03
3,9.92,222,94,1,0.0
19,4.34,167,53,2,49.02000000000001
17,4.1,144,179,5,0.0
8,3.55,103,45,5,3.1500000000000057
16,7.47,248,69,2,11.409999999999997
10,4.22,111,81,2,0.0
20,2.93,363,41,9,63.28999999999999
11,2.49,289,86,4,0.0
7,7.56,347,117,8,0.0
19,3.96,82,157,9,0.0
6,6.0,144,143,10,0.0
8,7.8,50,134,4,0.0
19,8.82,117,141,5,0.0
19,1.98,107,162,8,0.0
14,6.1,198,63,6,3.3000000000000114
0,3.98,154,131,10,0.0
1,6.84,333,46,2,0.0
4,5.38,260,24,6,29.14
8,4.87,254,104,8,0.0
15,2.63,122,9,1,100.0
20,7.72,52,23,2,100.0
15,5.63,320,50,6,32.889999999999986
7,1.86,338,170,8,0.0
6,3.68,54,48,6,0.0
18,3.02,166,76,5,0.0
5,4.83,293,154,10,0.0
8,8.41,262,118,2,0.0
13,1.36,48,70,5,0.0
14,9.71,127,159,1,0.0
6,1.73,105,17,7,40.69
2,9.56,330,118,5,0.0
9,7.17,103,47,5,15.009999999999991
4,4.33,364,122,3,0.0
9,1.55,65,139,8,0.0
8,4.78,187,28,7,37.84
1,3.55,299,14,2,34.650000000000006
2,1.64,192,127,8,0.0
2,4.48,61,96,9,0.0
2,8.36,309,29,9,13.579999999999998
5,4.97,299,65,6,0.0
13,7.14,349,106,8,0.0
11,4.25,311,24,3,65.25
1,8.33,255,97,2,0.0
6,6.08,164,53,9,0.0
18,8.68,121,154,10,0.0
7,2.16,22,53,7,0.0
17,8.08,154,110,2,0.0
11,9.82,8,46,5,34.96000000000001
7,3.32,149,8,3,74.46
20,4.36,155,50,10,48.08000000000001
17,8.71,317,45,8,59.129999999999995
13,5.87,19,169,7,0.0
13,6.68,265,177,9,0.0
4,3.02,335,177,2,0.0
7,4.87,62,84,6,0.0
6,8.15,188,41,1,20.950000000000003
6,8.66,82,109,8,0.0
11,9.47,267,109,4,0.0
7,5.88,50,22,8,46.64
16,6.61,318,163,5,0.0
11,3.21,261,1,10,97.63
16,3.99,18,145,4,0.0
17,4.54,338,120,10,0.0
5,7.2,62,161,7,0.0
13,7.29,27,63,9,0.0
12,8.72,140,17,5,94.66
8,5.67,15,55,4,0.0
4,7.96,196,157,5,0.0
7,7.36,239,161,1,0.0
10,8.77,337,49,1,26.810000000000002
4,6.34,248,155,8,0.0
6,6.92,330,13,9,61.25999999999999
9,7.0,133,39,9,24.5
18,1.55,173,122,2,0.0
6,4.39,327,14,4,59.17
10,2.44,91,59,6,0.0
15,7.34,72,24,2,96.02000000000001
5,5.24,143,48,10,0.0
7,8.94,177,117,7,0.0
4,2.04,44,145,2,0.0
5,4.54,84,16,1,55.120000000000005
11,2.47,131,43,9,12.909999999999997
5,9.02,179,94,7,0.0
7,2.17,70,158,3,0.0
5,9.33,338,169,8,0.0
17,3.5,42,19,4,100.0
9,6.72,170,140,3,0.0
11,2.77,116,86,2,0.0
19,7.88,264,53,1,61.139999999999986
14,5.84,311,135,4,0.0
0,5.43,212,32,8,0.0
11,5.47,226,25,2,68.41
17,7.32,279,74,4,2.960000000000008
3,1.14,359,112,5,0.0
2,6.23,90,83,4,0.0
0,9.73,330,167,1,0.0
2,8.49,287,101,9,0.0
10,5.52,47,144,2,0.0
12,6.24,160,147,4,0.0
11,5.54,28,142,3,0.0
7,2.27,66,89,4,0.0
6,8.33,126,123,8,0.0
8,1.22,72,90,10,0.0
11,7.19,152,97,7,0.0
3,5.03,343,18,7,33.59
9,9.31,321,0,8,100.0
1,7.4,144,164,7,0.0
16,9.09,305,79,2,0.0
8,2.05,37,122,1,0.0
19,3.42,62,71,2,10.259999999999991
8,2.57,217,161,5,0.0
9,9.87,60,39,3,42.11
20,9.13,82,64,10,34.389999999999986
2,7.65,146,59,10,0.0
19,3.98,67,95,2,0.0
15,9.22,34,56,5,33.16
11,9.28,291,102,5,0.0
13,2.06,81,124,5,0.0
19,2.52,94,30,4,86.56
7,9.71,243,54,4,0.12999999999999545
12,9.74,54,5,9,100.0
2,5.32,264,117,3,0.0
15,2.08,320,82,5,0.0
18,4.11,150,87,6,0.0
5,6.35,312,131,5,0.0
1,8.99,224,90,2,0.0
0,6.57,145,119,3,0.0
9,9.94,207,88,4,0.0
11,1.25,23,83,5,0.0
10,1.91,251,127,3,0.0
16,3.43,250,162,6,0.0
11,9.43,105,169,5,0.0
9,7.7,33,108,7,0.0
16,3.74,14,18,4,99.22
15,1.5,290,108,10,0.0
6,7.64,307,169,1,0.0
19,8.86,100,141,5,0.0
3,5.9,149,156,1,0.0
20,1.36,179,180,5,0.0
6,1.31,238,174,10,0.0
15,8.75,78,144,8,0.0
4,8.73,24,7,3,77.69
17,6.05,163,59,4,29.150000000000006
16,3.97,6,110,3,0.0
5,8.41,337,67,1,0.0
3,2.36,135,119,1,0.0
18,9.3,137,18,5,100.0
13,1.36,315,11,9,83.58
10,8.97,106,54,1,17.409999999999997
9,9.52,11,22,8,67.56
19,2.15,205,128,4,0.0
15,9.17,233,32,5,81.00999999999999
11,3.79,365,104,6,0.0
7,4.5,216,75,3,0.0
5,1.33,184,111,5,0.0
3,2.19,193,2,6,58.56999999999999
16,5.56,237,54,7,28.180000000000007
2,4.12,20,93,8,0.0
12,2.9,331,63,10,0.0
6,4.27,280,6,5,73.31
13,8.02,78,110,4,0.0
3,7.83,15,18,6,43.49000000000001
3,4.42,218,159,3,0.0
14,9.64,333,18,3,100.0
15,9.07,207,3,1,100.0
3,7.9,176,56,3,0.0
15,2.94,259,169,5,0.0
17,7.27,283,47,8,50.81
2,7.56,363,24,1,33.18000000000001
17,1.46,349,89,4,0.0
0,5.66,304,150,5,0.0
3,5.51,152,152,9,0.0
15,4.69,302,101,6,0.0
4,5.38,218,26,9,20.64
9,4.15,74,84,8,0.0
2,1.19,64,175,7,0.0
0,4.71,120,67,5,0.0
0,4.49,294,27,1,7.969999999999999
7,4.01,102,160,3,0.0
18,3.42,198,21,7,97.75999999999999
7,1.75,138,100,1,0.0
8,8.32,305,81,1,0.0
14,2.37,164,18,1,89.61
5,5.15,236,175,3,0.0
15,6.27,251,94,8,0.0
3,4.38,39,117,5,0.0
5,8.92,170,44,7,3.259999999999991
7,9.43,157,117,6,0.0
16,4.0,263,115,6,0.0
8,4.77,359,9,8,74.31
1,5.69,174,15,10,27.069999999999993
0,4.48,352,170,9,0.0
15,9.91,201,121,7,0.0
6,9.22,349,99,8,0.0
5,3.16,104,55,6,0.0
2,5.03,358,20,8,23.090000000000003
5,2.88,288,154,4,0.0
2,4.64,61,34,2,2.9200000000000017
17,2.39,103,97,9,0.0
16,5.73,34,116,9,0.0
0,3.87,84,178,7,0.0
16,8.39,356,171,1,0.0
11,4.08,27,112,5,0.0
8,3.95,243,61,4,0.0
9,6.42,223,149,8,0.0
15,9.46,269,79,7,0.0
8,5.19,114,20,2,62.56999999999999
17,8.63,56,15,4,100.0
11,2.06,299,10,3,86.68
15,4.99,338,63,5,6.469999999999999
6,8.71,231,119,7,0.0
17,1.7,169,42,1,54.599999999999994
6,5.64,304,67,1,0.0
19,5.63,207,145,10,0.0
13,4.7,348,29,9,57.599999999999994
12,9.61,232,107,9,0.0
20,3.74,1,127,6,0.0
9,1.53,148,40,9,6.090000000000003
18,6.18,94,167,2,0.0
11,4.54,15,164,4,0.0
19,8.62,104,177,10,0.0
13,8.21,85,2,7,100.0
11,8.37,263,126,4,0.0
18,4.92,13,149,4,0.0
5,4.27,191,2,1,82.31
4,9.57,108,91,4,0.0
7,7.37,53,141,4,0.0
5,4.68,143,61,6,0.0
15,2.38,217,167,1,0.0
12,8.07,239,112,1,0.0
5,8.56,260,25,7,40.18000000000001
18,9.85,135,148,6,0.0
12,3.89,275,14,6,84.67
9,2.79,71,128,10,0.0
7,5.81,38,94,3,0.0
3,7.11,299,3,3,75.83
9,8.18,53,103,1,0.0
5,2.06,203,28,10,10.180000000000007
12,1.77,135,78,6,0.0
5,1.21,186,78,1,0.0
6,3.27,238,57,9,0.0
1,4.56,54,110,7,0.0
4,2.52,67,61,10,0.0
19,9.09,278,164,4,0.0
0,4.14,87,7,5,40.92
9,4.37,133,26,10,41.11
12,8.58,72,36,5,56.24000000000001
14,1.8,210,60,9,0.0
16,3.74,41,98,7,0.0
17,1.59,127,152,3,0.0
6,1.64,353,40,10,0.0
11,4.16,143,91,8,0.0
20,4.84,231,109,10,0.0
11,9.27,176,111,5,0.0
8,1.38,233,55,10,0.0
9,2.16,356,163,1,0.0
8,7.86,208,42,7,19.08
14,4.56,218,83,3,0.0
5,1.22,224,83,7,0.0
5,5.29,39,30,4,24.870000000000005
16,3.53,104,161,1,0.0
6,9.57,135,114,8,0.0
13,7.94,17,47,10,29.819999999999993
0,7.45,320,140,1,0.0
10,6.7,243,21,10,63.099999999999994
1,8.9,123,151,10,0.0
20,5.16,103,162,7,0.0
16,6.5,97,133,5,0.0
20,1.83,157,180,10,0.0
4,9.16,256,129,3,0.0
16,1.61,27,180,6,0.0
3,7.58,312,174,10,0.0
3,9.5,92,116,2,0.0
4,5.88,314,77,5,0.0
0,2.43,212,83,10,0.0
14,8.8,147,132,10,0.0
20,9.72,332,62,3,50.66
12,4.53,236,42,9,26.090000000000003
12,4.06,107,52,8,6.180000000000007
13,6.15,50,143,5,0.0
7,5.84,173,73,6,0.0
2,3.28,220,13,7,33.34
3,9.05,110,125,2,0.0
4,3.25,217,160,2,0.0
12,9.15,185,153,5,0.0
16,5.22,183,146,9,0.0
2,9.84,346,116,5,0.0
20,3.66,79,123,5,0.0
10,6.8,255,2,1,100.0
8,2.32,303,14,10,53.959999999999994
11,1.56,47,20,8,57.68000000000001
10,4.88,212,8,4,92.64
19,4.01,331,125,4,0.0
15,2.53,154,170,7,0.0
2,7.71,312,69,4,0.0
13,6.91,139,72,7,0.0
1,2.33,266,151,2,0.0
15,7.41,331,27,9,79.72999999999999
1,2.71,340,16,5,23.629999999999995
19,5.62,175,174,5,0.0
14,5.46,310,44,1,46.879999999999995
13,6.78,180,32,9,57.84
19,6.07,151,81,9,0.0
11,9.01,277,3,4,100.0
20,8.76,126,46,8,72.28
7,2.91,51,17,9,46.230000000000004
16,8.47,327,169,1,0.0
10,1.02,298,168,6,0.0
13,5.28,132,117,2,0.0
3,5.91,98,114,3,0.0
0,2.51,11,72,6,0.0
16,8.98,205,118,3,0.0
18,8.99,206,52,3,58.47
2,2.74,31,160,6,0.0
17,7.72,78,45,5,60.66
11,2.24,234,35,8,29.72
17,1.99,214,123,3,0.0
5,2.52,22,71,8,0.0
13,2.61,287,109,3,0.0
4,7.87,288,115,7,0.0
16,6.21,294,151,2,0.0
10,1.39,325,68,5,0.0
2,1.96,299,1,10,48.879999999999995
14,1.12,127,178,10,0.0
20,1.81,224,54,2,44.43000000000001
4,6.13,189,78,4,0.0
20,9.89,221,16,2,100.0
0,4.87,175,168,10,0.0
14,4.46,160,171,1,0.0
18,8.12,64,38,3,83.86000000000001
19,7.24,345,178,2,0.0
19,2.75,17,159,7,0.0
19,6.3,286,6,8,100.0
1,2.78,329,108,2,0.0
10,7.57,17,25,5,65.21000000000001
13,8.89,19,37,7,57.170000000000016
7,6.9,345,94,7,0.0
12,7.77,194,84,1,0.0
18,1.8,42,107,4,0.0
19,3.62,180,24,8,95.86000000000001
6,2.79,100,61,5,0.0
11,2.35,41,176,7,0.0
0,5.13,223,1,2,60.39
12,4.53,136,153,10,0.0
11,4.45,192,11,2,93.35
13,1.8,328,6,2,100.0
0,9.59,63,130,8,0.0
3,8.81,303,16,8,47.43000000000001
15,5.66,25,142,3,0.0
9,9.49,133,101,7,0.0
19,5.97,224,66,9,17.409999999999997
11,1.4,34,176,4,0.0
11,5.74,93,113,4,0.0
10,7.65,289,9,8,92.95
17,5.44,274,78,5,0.0
2,8.34,263,133,7,0.0
0,1.18,90,18,5,10.04
9,3.88,275,176,6,0.0
3,9.86,323,25,5,37.08
3,7.05,285,138,4,0.0
6,8.82,216,147,10,0.0
15,3.08,68,48,4,32.24000000000001
4,1.0,310,95,1,0.0
0,7.19,118,54,1,0.0
6,1.24,102,140,10,0.0
14,2.3,236,95,8,0.0
15,7.16,145,138,7,0.0
8,2.27,178,148,10,0.0
15,1.11,109,79,1,0.0
3,2.15,79,0,2,68.45
4,8.64,54,173,4,0.0
5,6.62,79,138,8,0.0
20,7.15,301,126,9,0.0
9,2.24,359,129,5,0.0
15,6.83,66,134,10,0.0
11,1.45,259,69,1,0.0
4,1.37,13,151,2,0.0
11,1.66,192,0,2,100.0
16,9.63,216,141,1,0.0
15,7.42,157,79,4,0.0
2,6.01,81,168,9,0.0
10,6.3,2,90,9,0.0
16,6.87,224,54,1,41.110000000000014
1,7.38,171,69,10,0.0
12,1.33,338,54,2,2.989999999999995
12,6.27,322,149,3,0.0
16,4.32,129,112,8,0.0
18,3.35,42,51,3,43.55000000000001
6,1.49,73,171,1,0.0
9,5.21,357,7,5,89.13
16,9.14,74,70,9,3.920000000000016
8,4.41,289,92,9,0.0
12,3.3,220,157,8,0.0
9,3.02,328,25,4,48.06
4,9.52,165,61,9,0.0
0,9.88,186,64,7,0.0
10,1.27,284,176,10,0.0
11,3.14,236,146,2,0.0
13,1.77,2,71,5,0.0
9,5.98,60,180,10,0.0
3,5.1,220,34,5,4.799999999999997
13,2.07,266,38,6,36.209999999999994
6,8.78,22,135,1,0.0
10,7.59,294,157,1,0.0
18,6.97,206,58,9,31.409999999999997
1,6.26,182,46,5,0.0
2,2.02,2,158,4,0.0
7,9.65,352,152,9,0.0
20,2.05,215,70,7,5.650000000000006
14,1.22,144,13,5,90.16
7,3.73,210,107,7,0.0
4,3.19,261,101,6,0.0
12,1.26,225,45,7,13.280000000000001
4,5.91,296,82,8,0.0
3,8.26,162,118,8,0.0
13,9.54,229,137,4,0.0
20,7.08,230,40,2,88.24000000000001
7,6.95,251,128,9,0.0
2,1.48,159,55,4,0.0
7,9.27,258,137,4,0.0
10,7.7,158,130,4,0.0
2,5.14,302,23,3,24.92
8,1.64,249,147,8,0.0
8,9.86,357,120,2,0.0
9,2.11,65,154,8,0.0
12,1.21,309,164,8,0.0
11,8.09,101,114,2,0.0
18,4.58,194,119,5,0.0
19,7.86,320,61,6,37.58000000000001
4,8.58,63,78,9,0.0
7,9.88,184,85,4,0.0
7,8.72,352,117,10,0.0
13,2.78,191,116,8,0.0
2,6.76,99,156,2,0.0
6,4.03,41,174,6,0.0
14,5.87,106,159,5,0.0
9,8.84,131,107,2,0.0
5,4.02,27,175,8,0.0
18,2.52,256,91,4,0.0
12,7.22,68,127,8,0.0
16,1.02,345,117,2,0.0
0,8.82,241,81,1,0.0
14,4.62,223,33,8,55.860000000000014
3,9.53,203,157,7,0.0
1,9.65,69,100,2,0.0
12,9.26,293,0,4,100.0
8,5.14,48,11,1,81.92
19,2.07,71,94,7,0.0
8,8.95,220,8,3,96.35
8,1.12,221,49,1,0.0
11,7.79,61,88,8,0.0
12,2.65,336,38,2,38.95
10,6.31,103,128,4,0.0
7,6.98,174,33,8,27.939999999999998
16,9.82,327,145,7,0.0
13,2.03,211,127,1,0.0
10,9.53,299,46,6,27.590000000000003
16,3.96,196,159,2,0.0
9,7.14,83,126,5,0.0
10,8.63,133,149,4,0.0
6,7.8,24,114,5,0.0
20,9.47,282,91,3,0.0
10,2.67,312,178,10,0.0
11,3.19,61,31,3,48.06999999999999
6,2.36,179,145,1,0.0
7,2.05,251,68,5,0.0
5,2.96,84,111,9,0.0
18,3.85,10,123,4,0.0
3,1.78,203,38,8,0.0
0,1.9,223,23,6,0.7000000000000028
12,2.59,211,110,6,0.0
10,7.03,354,107,3,0.0
13,1.54,2,52,4,9.620000000000005
14,8.4,260,82,4,0.0
8,1.55,277,78,8,0.0
0,6.84,146,72,7,0.0
5,5.83,261,136,5,0.0
5,2.32,259,150,1,0.0
1,6.15,184,45,1,0.0
8,3.36,214,68,10,0.0
1,5.94,20,162,8,0.0
7,5.71,218,26,1,48.629999999999995
12,9.21,284,163,6,0.0
18,4.98,172,80,7,0.0
9,4.8,102,88,7,0.0
16,8.95,165,129,1,0.0
7,7.0,330,119,5,0.0
11,3.53,14,46,9,10.090000000000003
20,9.64,213,11,7,100.0
6,4.64,241,24,8,33.92
19,5.66,340,151,3,0.0
17,5.17,217,169,5,0.0
4,3.07,263,133,10,0.0
3,6.77,225,121,8,0.0
6,3.9,65,149,10,0.0
10,9.9,157,119,4,0.0
19,6.3,118,60,2,40.900000000000006
10,3.81,231,156,9,0.0
13,8.27,266,36,9,54.31
17,7.79,172,72,6,5.3700000000000045
0,1.61,305,12,5,23.33
4,2.65,314,23,10,16.950000000000003
2,2.95,71,111,6,0.0
6,5.0,104,24,6,38.0
2,3.09,77,143,5,0.0
2,5.92,315,39,3,0.0
12,1.59,309,56,9,0.0
10,5.63,60,24,6,59.89
11,6.11,136,3,7,100.0
15,4.12,192,154,6,0.0
13,6.67,167,97,7,0.0
14,5.24,295,151,10,0.0
4,2.69,282,109,2,0.0
8,4.96,311,29,2,43.879999999999995
14,6.19,100,33,10,57.56999999999999
0,2.03,27,74,8,0.0
9,6.5,64,88,2,0.0
17,4.05,154,55,1,35.650000000000006
14,2.78,272,154,7,0.0
17,8.47,84,92,7,0.0
11,4.75,353,54,9,0.0
9,6.83,337,168,5,0.0
10,4.2,230,43,8,14.599999999999994
15,9.83,146,7,6,100.0
16,4.04,136,32,6,69.12
0,1.28,50,108,4,0.0
16,3.22,243,142,3,0.0
14,1.6,348,49,9,13.299999999999997
3,6.66,96,8,1,67.48
8,6.83,113,103,3,0.0
18,5.38,330,121,4,0.0
5,9.44,32,52,1,0.0
2,7.17,339,14,3,49.00999999999999
3,2.98,235,51,5,0.0
7,7.76,203,16,1,74.78
7,6.73,330,93,6,0.0
5,5.3,95,132,9,0.0
7,9.72,113,13,7,77.66
16,5.36,267,103,3,0.0
5,4.69,54,176,9,0.0
6,2.51,123,119,5,0.0
10,8.06,27,94,7,0.0
6,5.28,76,117,6,0.0
14,9.97,84,145,1,0.0
4,4.22,154,133,10,0.0
0,4.11,25,163,4,0.0
15,2.43,284,112,3,0.0
5,8.86,111,127,9,0.0
10,2.89,86,152,9,0.0
9,2.86,31,36,8,19.58
17,2.83,67,106,1,0.0
12,1.66,93,118,5,0.0
2,3.36,201,116,1,0.0
13,3.14,219,14,3,91.92
11,8.65,352,80,4,0.0
8,7.01,157,54,6,0.0
17,9.84,330,123,3,0.0
9,6.95,7,162,9,0.0
14,5.07,62,3,7,100.0
15,5.34,270,105,9,0.0
11,3.56,108,88,4,0.0
19,3.86,244,19,6,100.0
5,6.23,27,99,10,0.0
4,5.75,76,12,10,48.25
1,7.98,17,169,9,0.0
12,2.69,94,40,6,29.069999999999993
17,8.97,198,133,3,0.0
6,7.41,239,60,9,0.0
6,7.23,133,78,3,0.0
0,9.07,166,175,6,0.0
2,7.45,14,119,6,0.0
19,5.05,219,176,1,0.0
10,2.95,43,88,9,0.0
11,5.94,157,57,8,0.0
15,9.26,310,109,9,0.0
20,7.74,268,179,2,0.0
8,1.17,247,45,10,0.0
11,3.78,14,72,5,0.0
11,2.67,104,167,1,0.0
18,7.97,312,55,4,47.91
0,4.01,29,3,9,42.53
0,7.33,20,61,3,0.0
17,8.26,135,155,7,0.0
14,7.05,135,59,6,14.150000000000006
14,8.09,171,31,3,77.77000000000001
16,7.29,240,33,9,72.37
13,3.33,159,126,6,0.0
20,3.03,87,17,2,100.0
0,9.23,284,155,2,0.0
13,2.92,294,89,7,0.0
16,3.7,274,121,10,0.0
0,1.4,356,127,3,0.0
14,3.71,179,86,8,0.0
9,4.56,271,50,6,0.0
17,3.19,57,21,9,89.07
2,5.23,137,141,1,0.0
17,6.1,270,37,3,74.80000000000001
0,1.51,294,133,5,0.0
17,4.8,327,162,9,0.0
5,6.78,309,52,1,0.0
20,2.42,197,57,10,28.25999999999999
6,1.8,19,28,4,23.400000000000006
2,6.73,100,179,4,0.0
0,3.57,343,162,7,0.0
15,7.82,20,111,5,0.0
6,5.5,349,133,1,0.0
17,9.96,355,27,9,97.38
7,8.09,41,179,1,0.0
1,1.44,253,54,9,0.0
12,7.66,112,80,4,0.0
20,3.25,215,110,1,0.0
16,1.38,291,3,3,100.0
4,7.16,326,116,2,0.0
12,1.76,132,94,4,0.0
3,5.85,327,131,8,0.0
12,5.11,9,48,2,26.33
18,2.68,86,64,8,8.039999999999992
15,9.08,314,24,6,95.24000000000001
7,8.37,219,44,8,10.11
15,8.22,28,97,6,0.0
14,4.96,90,26,10,67.88
4,8.1,5,43,3,3.799999999999997
18,7.9,38,23,4,100.0
3,5.61,68,60,9,0.0
0,6.5,81,60,4,0.0
8,3.85,86,17,1,66.05
5,2.39,30,16,2,47.17
3,7.78,233,93,9,0.0
12,6.31,123,91,6,0.0
4,4.99,166,4,8,64.97
7,1.67,177,108,7,0.0
15,9.79,240,73,2,5.3700000000000045
20,7.83,284,27,1,100.0
3,3.32,45,25,3,20.459999999999994
4,9.68,231,126,5,0.0
2,8.15,174,76,9,0.0
4,6.1,333,95,8,0.0
0,9.12,334,133,8,0.0
18,2.27,41,62,9,9.310000000000002
16,3.98,101,5,8,100.0
16,3.65,279,91,1,0.0
16,8.59,180,94,7,0.0
17,1.09,53,178,10,0.0
3,9.52,241,31,10,16.560000000000002
4,7.8,207,133,7,0.0
6,5.56,28,171,9,0.0
3,5.31,171,97,10,0.0
4,7.22,126,30,10,16.659999999999997
10,6.93,352,16,7,78.28999999999999
1,9.81,288,54,4,0.0
14,4.03,95,145,1,0.0
19,6.32,25,21,2,100.0
10,7.86,60,75,3,0.0
2,2.29,113,31,8,0.0
18,3.14,159,143,5,0.0
3,7.45,171,112,9,0.0
13,2.96,302,40,3,39.379999999999995
14,3.32,124,85,2,0.0
3,9.86,306,152,7,0.0
19,3.88,299,25,8,94.63999999999999
9,8.2,5,158,4,0.0
3,3.92,190,9,3,54.260000000000005
9,4.92,169,114,3,0.0
19,9.8,218,89,7,0.0
14,5.41,284,145,4,0.0
13,5.58,251,144,9,0.0
14,8.03,154,50,10,29.090000000000003
6,1.47,329,40,8,0.0
5,3.14,58,177,10,0.0
6,7.48,252,90,9,0.0
14,4.03,3,156,6,0.0
9,6.2,300,149,10,0.0
12,3.12,166,116,4,0.0
4,5.06,358,133,9,0.0
14,9.76,91,12,10,100.0
2,9.37,301,96,10,0.0
11,6.11,60,99,7,0.0
13,9.48,174,119,8,0.0
16,4.43,47,172,3,0.0
14,2.44,83,124,10,0.0
14,8.54,312,90,10,0.0
15,1.46,65,156,10,0.0
9,7.48,27,44,10,14.439999999999998
8,9.43,137,158,8,0.0
2,8.58,271,108,9,0.0
1,4.0,171,115,5,0.0
5,6.94,111,12,7,61.31999999999999
0,9.61,101,8,2,59.83
16,1.06,273,46,1,39.68000000000001
10,1.21,355,149,10,0.0
1,5.53,190,161,5,0.0
13,7.89,190,172,5,0.0
12,9.13,131,80,6,0.0
6,2.98,194,61,10,0.0
14,5.54,274,28,7,70.12
3,6.72,299,135,8,0.0
18,9.59,60,26,4,100.0
4,1.51,198,131,10,0.0
19,2.89,107,179,8,0.0
4,5.26,288,104,4,0.0
14,4.21,221,25,10,67.63
7,7.22,356,59,6,0.0
0,6.23,87,9,10,35.69
9,8.11,75,33,1,51.83
1,1.27,37,120,4,0.0
4,5.12,221,17,9,37.86
11,3.57,154,176,6,0.0
13,5.5,264,154,8,0.0
3,5.15,12,100,9,0.0
9,9.97,195,172,3,0.0
3,8.12,130,76,2,0.0
16,5.34,350,77,5,0.0
0,9.75,204,10,5,51.75
14,8.66,50,89,9,0.0
11,2.22,272,7,6,88.66
13,2.15,188,6,5,100.0
11,1.36,94,41,5,19.58
17,8.28,18,32,6,86.84
19,3.64,76,136,5,0.0
1,8.35,346,130,4,0.0
5,8.75,133,15,5,63.75
6,2.48,28,63,9,0.0
1,5.72,353,40,3,0.0
5,1.27,36,121,7,0.0
4,1.05,224,25,6,14.150000000000006
1,1.73,188,177,2,0.0
2,7.13,165,127,8,0.0
5,2.54,227,165,7,0.0
1,7.12,299,10,2,53.36
10,3.3,288,50,7,0.0
19,1.31,314,52,10,29.930000000000007
14,5.02,47,145,9,0.0
20,3.56,151,55,6,41.68000000000001
19,2.74,262,114,4,0.0
8,3.06,326,3,2,90.18
4,3.34,301,163,10,0.0
12,9.59,181,53,9,19.27000000000001
13,3.74,286,39,7,37.72
7,6.29,239,130,9,0.0
2,4.51,95,109,6,0.0
14,1.97,353,115,1,0.0
0,9.91,145,125,10,0.0
13,3.61,254,61,7,0.0
12,4.34,290,28,1,65.52
2,6.85,244,147,7,0.0
13,2.71,55,0,8,100.0
19,5.54,273,158,1,0.0
7,2.28,322,155,5,0.0
5,7.26,233,91,10,0.0
18,5.34,47,32,8,80.02000000000001
8,2.8,277,143,10,0.0
17,8.94,291,57,8,35.81999999999999
8,8.94,196,159,9,0.0
20,9.22,97,56,9,52.16
14,8.44,197,8,1,100.0
19,6.04,176,117,10,0.0
17,7.66,143,149,9,0.0
17,8.28,363,159,3,0.0
9,1.56,143,48,9,0.0
17,5.45,118,122,3,0.0
16,8.11,25,13,9,100.0
20,8.9,358,98,3,0.0
11,6.45,156,171,1,0.0
16,8.21,268,120,2,0.0
13,9.89,277,162,4,0.0
11,9.57,151,113,2,0.0
8,5.71,239,111,2,0.0
1,3.36,274,116,8,0.0
1,7.45,214,137,2,0.0
15,2.31,14,9,1,100.0
14,7.11,151,104,8,0.0
20,6.4,259,148,8,0.0
3,2.02,186,95,6,0.0
9,4.21,2,139,2,0.0
0,2.49,12,55,7,0.0
12,5.29,334,50,8,13.870000000000005
5,4.34,149,25,5,30.519999999999996
6,6.55,293,18,9,50.150000000000006
9,9.54,218,65,9,0.0
4,6.88,63,129,1,0.0
6,3.58,201,2,4,80.74
10,5.35,212,167,6,0.0
2,4.54,248,37,3,0.0
3,6.12,299,58,10,0.0
1,4.82,70,16,10,22.460000000000008
8,9.79,46,154,9,0.0
2,7.64,10,44,6,0.0
19,6.02,215,102,1,0.0
11,3.45,361,151,6,0.0
6,8.24,133,117,9,0.0
7,9.29,247,140,8,0.0
5,5.66,176,137,2,0.0
4,3.62,20,36,8,0.0
6,9.91,4,94,1,0.0
14,5.81,339,113,2,0.0
17,4.11,172,2,8,100.0
13,3.06,33,50,7,13.680000000000007
17,2.25,251,103,10,0.0
13,1.92,338,62,8,0.0
8,1.21,126,19,10,40.629999999999995
12,3.83,78,102,5,0.0
19,3.66,331,130,5,0.0
13,4.91,18,27,9,62.22999999999999
4,5.19,263,78,4,0.0
16,1.37,291,172,2,0.0
9,9.16,300,135,1,0.0
6,1.46,13,2,5,72.88
18,6.19,8,89,1,0.0
12,7.48,106,49,5,26.939999999999998
11,2.68,319,73,5,0.0
15,8.98,315,163,7,0.0
13,1.81,334,42,5,28.930000000000007
10,8.37,201,46,3,28.61
10,8.23,167,82,5,0.0
16,6.06,91,82,10,0.0
4,5.09,68,66,1,0.0
5,2.04,90,117,2,0.0
0,4.21,258,117,6,0.0
1,8.93,292,36,3,5.289999999999992
12,7.79,116,151,9,0.0
16,6.14,358,87,4,0.0
7,5.56,70,57,9,0.0
19,3.73,56,55,8,34.19
2,8.94,259,85,1,0.0
15,2.12,257,95,6,0.0
2,7.9,234,166,3,0.0
7,3.58,222,75,4,0.0
11,6.25,177,98,6,0.0
18,4.14,348,1,5,100.0
7,9.22,109,178,5,0.0
13,3.11,320,112,8,0.0
13,9.42,2,0,1,100.0
6,3.46,106,67,1,0.0
8,1.45,44,88,4,0.0
15,3.91,204,50,6,27.72999999999999
8,4.21,230,76,3,0.0
1,2.26,51,139,3,0.0
19,1.59,74,67,7,5.27000000000001
7,7.64,28,29,2,46.92
13,4.44,235,124,7,0.0
8,2.43,334,93,8,0.0
14,7.44,110,163,10,0.0
0,8.17,272,168,6,0.0
7,5.2,96,20,10,45.599999999999994
4,8.79,364,142,4,0.0
5,3.14,333,55,7,0.0
16,6.18,138,18,2,100.0
20,1.65,173,64,8,14.949999999999989
11,6.81,190,76,5,0.0
10,9.0,56,146,4,0.0
5,3.05,213,177,3,0.0
20,4.15,263,45,5,64.94999999999999
0,5.38,304,10,4,40.14
11,5.29,44,164,9,0.0
13,6.79,116,74,2,0.0
16,5.57,341,78,7,0.0
18,8.88,7,113,10,0.0
3,9.35,153,36,2,18.049999999999997
11,8.05,291,112,6,0.0
10,5.82,327,169,5,0.0
17,5.05,327,36,10,63.150000000000006
14,7.43,168,90,6,0.0
12,7.35,304,47,5,30.55000000000001
7,1.73,265,127,3,0.0
1,9.52,294,123,3,0.0
4,9.8,240,74,5,0.0
16,8.62,89,32,9,78.36000000000001
1,6.5,302,133,9,0.0
11,3.33,73,47,3,16.489999999999995
18,3.1,301,92,3,0.0
15,7.82,186,59,5,22.960000000000008
19,6.76,51,135,5,0.0
9,5.44,113,73,1,0.0
4,6.35,236,112,4,0.0
10,2.21,240,81,4,0.0
18,2.44,324,69,7,0.0
7,9.8,87,23,2,65.4
16,6.36,225,102,7,0.0
8,9.18,172,80,9,0.0
13,6.35,222,42,3,45.55000000000001
0,1.43,159,36,4,0.0
1,6.48,114,96,4,0.0
5,9.76,129,23,2,55.28
10,3.61,94,132,4,0.0
15,3.78,250,66,4,0.0
2,4.84,92,77,6,0.0
16,5.98,267,78,4,0.0
9,7.86,348,82,9,0.0
6,2.53,171,75,6,0.0
0,9.64,128,42,5,0.0
3,2.45,294,126,3,0.0
1,9.7,358,24,2,33.099999999999994
4,8.65,327,166,8,0.0
10,7.68,365,19,9,71.53999999999999
18,3.23,163,36,9,64.19
4,9.87,326,13,9,60.11
7,4.29,349,118,3,0.0
8,2.66,216,117,7,0.0
17,4.08,92,172,7,0.0
2,7.23,25,81,7,0.0
8,8.23,256,65,5,0.0
17,7.22,294,27,8,90.66
13,4.76,259,82,10,0.0
8,4.59,166,115,10,0.0
9,7.29,217,46,9,11.370000000000005
7,6.7,11,111,7,0.0
3,4.04,109,51,4,0.0
8,2.08,76,75,6,0.0
15,7.2,168,139,8,0.0
15,7.55,207,97,8,0.0
6,1.36,147,1,1,80.58
3,4.95,160,83,6,0.0
1,9.84,192,145,1,0.0
20,1.54,138,36,3,78.12
2,9.95,243,66,10,0.0
17,4.62,44,2,6,100.0
17,1.92,253,73,4,0.0
0,3.82,357,43,1,0.0
6,1.34,170,176,5,0.0
4,8.2,245,146,8,0.0
11,4.52,151,127,4,0.0
2,9.35,218,25,7,27.549999999999997
16,6.33,143,39,2,67.99000000000001
13,2.69,322,173,9,0.0
12,2.22,222,12,5,85.16
7,6.24,117,91,3,0.0
20,8.7,248,94,6,0.0
11,2.35,273,124,10,0.0
17,1.15,87,150,8,0.0
8,9.23,161,21,5,68.19
9,1.47,70,31,1,35.91
1,4.92,240,169,9,0.0
10,7.04,18,149,4,0.0
2,4.19,352,129,10,0.0
14,6.8,237,12,2,100.0
17,1.71,204,54,7,21.629999999999995
8,9.38,190,175,3,0.0
11,3.99,198,90,5,0.0
10,1.65,46,27,6,41.95
10,1.16,60,135,2,0.0
20,1.42,272,176,5,0.0
16,9.16,174,101,8,0.0
9,9.96,295,143,1,0.0
4,4.09,271,4,1,72.77
6,1.44,248,19,8,34.31999999999999
4,7.37,41,92,2,0.0
19,1.38,97,166,7,0.0
10,2.51,60,144,9,0.0
18,8.86,38,145,4,0.0
6,7.06,9,2,6,88.18
7,2.21,350,121,6,0.0
10,8.82,29,44,7,27.960000000000008
10,1.93,114,6,3,89.29
12,5.11,239,16,3,88.83
19,4.06,132,59,10,24.180000000000007
12,8.48,63,147,5,0.0
6,7.57,290,14,2,71.71000000000001
13,6.71,251,83,4,0.0
19,2.63,305,144,4,0.0
14,1.97,295,128,4,0.0
11,3.12,93,135,5,0.0
3,5.57,228,17,4,41.71000000000001
20,5.19,186,66,5,26.069999999999993
3,1.49,224,151,6,0.0
13,5.77,324,19,7,83.81
0,8.84,317,4,8,56.519999999999996
16,6.92,57,155,8,0.0
17,2.27,113,81,5,0.0
17,2.91,96,40,8,51.72999999999999
5,5.68,12,161,3,0.0
3,8.75,15,132,9,0.0
6,8.0,275,78,5,0.0
15,3.05,294,88,4,0.0
15,4.38,178,85,6,0.0
20,7.52,93,140,1,0.0
10,9.29,241,130,1,0.0
6,8.92,194,0,5,99.25999999999999
12,8.27,177,44,6,37.81
10,4.07,166,0,5,100.0
16,8.72,355,21,1,100.0
12,3.27,127,68,8,0.0
20,4.12,1,43,1,74.86000000000001
15,5.34,152,21,7,88.52000000000001
1,8.4,218,53,6,0.0
1,9.21,260,110,9,0.0
7,4.76,300,148,4,0.0
18,6.72,257,123,3,0.0
9,3.62,12,62,3,0.0
20,8.13,71,66,7,31.889999999999986
3,8.9,187,43,7,0.0
12,2.23,66,97,3,0.0
16,9.31,29,48,4,55.93000000000001
19,2.58,243,122,1,0.0
4,7.9,291,138,4,0.0
5,3.11,241,46,7,0.0
17,2.71,196,77,9,0.0
14,6.08,246,114,6,0.0
1,8.89,57,126,8,0.0
15,4.39,102,16,9,92.66999999999999
3,4.69,330,149,10,0.0
19,1.33,40,140,9,0.0
11,6.19,241,139,2,0.0
12,6.3,17,30,2,65.9
1,4.48,246,33,6,0.0
8,3.8,92,132,8,0.0
9,8.71,59,21,10,64.13
10,7.1,200,143,4,0.0
12,6.89,65,57,10,1.6699999999999875
1,4.03,39,102,6,0.0
4,4.18,9,87,3,0.0
0,4.18,364,150,5,0.0
4,7.5,274,28,10,21.5
4,3.9,218,160,10,0.0
19,9.79,236,51,3,67.87
0,8.44,209,123,1,0.0
2,1.48,111,166,2,0.0
9,8.67,56,29,5,55.50999999999999
11,4.24,147,82,5,0.0
19,7.83,222,67,5,26.99000000000001
7,9.27,155,85,9,0.0
0,6.98,329,169,1,0.0
6,2.96,290,100,2,0.0
20,7.97,253,61,6,42.91
6,2.71,127,102,6,0.0
2,9.43,72,5,1,76.78999999999999
2,9.0,308,2,5,75.5
2,3.56,20,34,8,0.0
11,4.85,328,129,6,0.0
16,1.67,301,9,9,100.0
9,8.47,103,168,8,0.0
3,4.88,273,127,2,0.0
17,1.7,287,113,8,0.0
10,2.71,353,124,9,0.0
20,7.25,178,134,2,0.0
10,5.85,123,169,3,0.0
10,7.71,359,19,3,80.63
8,3.05,341,111,4,0.0
8,5.33,68,30,7,35.489999999999995
4,1.72,307,55,3,0.0
9,2.28,198,4,1,92.34
16,5.05,309,92,10,0.0
16,7.48,262,127,9,0.0
4,3.8,219,124,5,0.0
16,4.41,261,9,2,100.0
20,7.05,187,179,4,0.0
20,1.14,308,113,10,0.0
16,5.08,11,143,9,0.0
4,6.45,169,84,5,0.0
15,2.62,14,143,3,0.0
4,4.9,148,30,5,17.200000000000003
19,2.13,259,148,9,0.0
8,5.81,132,81,5,0.0
17,5.37,39,70,3,6.610000000000014
19,5.28,304,160,9,0.0
19,8.31,178,10,5,100.0
2,2.44,197,149,4,0.0
17,9.37,62,130,2,0.0
13,8.2,124,87,1,0.0
4,4.41,162,139,10,0.0
2,8.21,250,123,3,0.0
3,3.53,57,29,4,11.590000000000003
1,4.18,242,50,8,0.0
20,4.22,323,42,9,65.16
20,7.5,292,39,8,82.5
10,2.88,10,33,7,32.14
8,3.02,342,51,4,0.0
15,9.36,190,175,2,0.0
20,3.36,124,3,8,100.0
5,4.67,143,99,6,0.0
14,2.82,290,73,2,0.0
10,9.92,145,71,8,0.0
14,5.97,347,107,5,0.0
8,3.91,147,18,2,62.730000000000004
10,6.79,310,115,5,0.0
18,3.44,58,94,10,0.0
18,9.82,207,20,5,100.0
4,1.77,72,30,1,13.810000000000002
19,1.57,237,14,1,100.0
10,1.11,292,39,7,14.829999999999998
15,8.74,316,8,9,100.0
19,9.37,310,5,5,100.0
15,2.49,291,129,6,0.0
15,8.56,194,141,10,0.0
4,3.05,278,168,5,0.0
1,6.02,43,57,10,0.0
14,6.92,258,31,8,66.75999999999999
9,6.02,135,178,3,0.0
12,4.19,126,95,1,0.0
20,3.15,231,171,9,0.0
12,5.74,13,11,8,93.22
3,8.29,141,93,8,0.0
13,9.12,38,35,3,67.86000000000001
11,3.91,49,106,6,0.0
19,7.13,256,60,4,40.389999999999986
7,7.46,230,97,4,0.0
5,9.51,259,12,2,76.53
14,2.47,48,112,10,0.0
0,3.25,94,57,9,0.0
8,2.37,343,142,8,0.0
3,1.62,80,133,4,0.0
20,1.59,222,21,1,100.0
0,3.08,210,52,1,0.0
14,3.78,257,80,8,0.0
12,2.15,358,14,6,79.45
7,4.69,199,119,2,0.0
3,3.05,328,69,4,0.0
4,8.17,69,172,3,0.0
20,5.33,23,148,3,0.0
1,4.7,251,64,1,0.0
10,8.69,221,174,10,0.0
10,5.34,221,50,7,5.519999999999996
15,9.52,105,169,3,0.0
9,6.42,328,26,3,57.75999999999999
19,4.22,240,115,2,0.0
3,9.96,221,142,10,0.0
1,4.95,265,169,6,0.0
14,4.39,96,116,3,0.0
13,7.13,79,126,5,0.0
9,3.77,70,11,6,75.31
2,9.53,45,146,7,0.0
12,4.55,351,65,3,0.0
15,8.53,260,138,10,0.0
13,9.87,135,138,6,0.0
16,3.2,179,45,9,36.099999999999994
6,7.79,124,133,4,0.0
11,1.35,228,31,7,36.55
8,3.23,311,79,2,0.0
13,5.82,243,111,5,0.0
14,3.12,230,10,2,100.0
0,5.37,86,92,10,0.0
16,9.66,354,73,10,0.0
14,5.94,346,62,8,1.8199999999999932
11,7.55,185,60,2,4.650000000000006
2,7.7,189,118,4,0.0
9,7.68,46,63,5,0.0
7,3.69,87,126,7,0.0
5,9.91,184,112,4,0.0
8,3.29,191,1,9,84.37
7,4.51,280,47,2,1.5300000000000011
19,8.47,121,147,3,0.0
7,3.4,212,127,7,0.0
9,5.47,71,115,4,0.0
13,8.12,153,144,10,0.0
1,8.89,174,7,5,60.17
17,7.4,190,36,3,80.69999999999999
4,5.09,130,152,3,0.0
19,1.34,331,158,3,0.0
18,7.77,115,95,7,0.0
10,6.65,225,73,9,0.0
1,5.99,132,173,7,0.0
19,8.83,138,174,9,0.0
16,1.31,242,5,3,100.0
9,5.55,255,21,8,57.650000000000006
10,9.16,16,83,2,0.0
0,1.95,87,33,6,0.0
13,6.33,336,121,5,0.0
9,4.68,112,14,5,73.53999999999999
4,2.1,359,167,4,0.0
20,8.39,121,53,6,60.170000000000016
7,6.18,125,152,6,0.0
9,2.33,260,84,10,0.0
4,2.56,196,132,7,0.0
2,8.16,182,29,6,17.480000000000004
0,7.75,326,30,10,0.0
16,4.48,291,7,9,100.0
18,2.65,341,22,4,97.94999999999999
10,1.24,92,27,2,46.72
15,4.78,353,104,4,0.0
15,8.55,75,142,6,0.0
16,5.31,223,86,10,0.0
2,7.05,287,105,2,0.0
4,9.86,81,168,8,0.0
10,6.87,12,127,4,0.0
0,2.18,47,147,9,0.0
3,4.14,188,134,10,0.0
20,5.9,129,93,2,0.0
8,6.17,322,55,10,0.0
18,5.85,86,6,6,100.0
13,8.63,352,95,6,0.0
1,8.64,243,114,1,0.0
5,3.83,138,141,8,0.0
16,8.46,221,33,9,75.88
15,8.95,93,118,4,0.0
2,9.94,246,96,2,0.0
11,4.54,47,141,10,0.0
18,2.47,335,80,9,0.0
1,6.59,219,89,7,0.0
10,6.78,300,135,4,0.0
7,9.67,190,60,9,0.0
7,2.76,328,138,7,0.0
18,4.97,161,24,2,100.0
14,6.53,118,138,5,0.0
8,6.17,290,132,7,0.0
2,1.73,24,69,4,0.0
17,1.78,100,151,1,0.0
18,9.18,251,179,4,0.0
8,6.92,57,156,3,0.0
14,4.31,348,33,1,65.43
0,8.23,32,65,10,0.0
11,2.7,45,72,6,0.0
9,2.9,350,51,10,0.0
17,5.48,101,63,3,20.939999999999998
8,4.05,345,55,7,0.0
7,3.39,11,10,6,66.17
13,6.95,81,47,10,26.849999999999994
16,6.03,229,45,3,53.59
14,6.46,295,100,4,0.0
6,3.22,159,87,10,0.0
8,9.05,104,32,5,45.650000000000006
6,3.3,25,162,7,0.0
16,6.16,50,171,8,0.0
12,2.04,204,69,6,0.0
9,5.34,36,90,6,0.0
17,9.66,103,66,4,25.97999999999999
12,8.04,20,2,9,100.0
6,4.81,256,81,3,0.0
5,5.55,188,69,9,0.0
18,6.26,284,43,7,62.28
12,9.95,266,109,9,0.0
7,7.34,230,55,1,0.0
19,3.84,276,35,4,80.52000000000001
4,3.79,343,10,5,53.870000000000005
20,5.02,333,10,7,100.0
3,9.52,113,96,3,0.0
8,9.59,290,133,10,0.0
20,9.58,88,39,7,90.24000000000001
6,2.28,108,2,6,73.84
17,7.9,357,88,10,0.0
4,9.56,272,29,5,33.18000000000001
8,6.7,294,27,8,44.099999999999994
18,4.89,169,134,7,0.0
10,6.3,88,133,7,0.0
7,9.95,13,141,8,0.0
4,6.89,20,102,4,0.0
3,1.48,157,122,6,0.0
7,2.69,10,179,4,0.0
17,2.28,330,143,6,0.0
12,6.42,4,123,2,0.0
19,9.07,333,131,1,0.0
1,3.83,271,78,1,0.0
1,5.8,39,62,8,0.0
20,8.73,113,156,9,0.0
4,3.99,251,121,6,0.0
0,4.82,100,62,8,0.0
18,4.72,313,52,4,44.16
3,5.34,196,106,3,0.0
13,5.87,90,91,4,0.0
9,1.68,350,126,4,0.0
20,6.19,13,47,6,65.57
13,4.28,296,140,1,0.0
1,2.5,304,53,6,0.0
2,5.42,326,170,4,0.0
2,5.37,150,65,1,0.0
14,4.72,92,50,8,22.159999999999997
19,9.14,95,54,5,56.920000000000016
10,9.64,298,110,10,0.0
17,3.15,319,49,10,31.44999999999999
19,1.59,242,112,3,0.0
3,6.53,310,30,5,17.090000000000003
5,2.95,77,10,9,50.349999999999994
16,1.76,161,113,1,0.0
12,7.43,356,1,2,100.0
5,2.72,363,28,9,13.659999999999997
2,9.59,160,174,7,0.0
8,3.43,356,80,9,0.0
10,6.61,266,23,4,67.83
10,6.07,271,163,3,0.0
4,3.08,165,43,7,0.0
3,1.62,38,36,7,0.0
11,6.83,304,112,1,0.0
6,7.08,204,163,8,0.0
2,7.66,234,101,1,0.0
11,9.36,277,162,5,0.0
9,8.16,173,38,4,37.480000000000004
20,5.99,350,32,3,99.47
16,5.41,247,133,6,0.0
20,2.3,57,132,5,0.0
4,9.7,180,164,3,0.0
18,6.67,202,6,5,100.0
9,9.52,316,45,4,27.560000000000002
15,5.4,225,56,1,27.69999999999999
5,5.4,248,60,2,0.0
16,3.46,243,126,4,0.0
15,1.42,42,10,3,100.0
8,9.77,319,166,8,0.0
13,9.76,365,28,1,86.78
3,3.29,8,56,9,0.0
4,2.73,225,72,6,0.0
1,2.9,258,27,9,0.0
9,9.21,211,45,4,26.629999999999995
20,2.1,224,104,6,0.0
3,1.87,183,143,5,0.0
7,1.93,128,168,3,0.0
14,8.01,26,53,10,23.03
5,4.72,209,23,5,35.66
4,5.65,169,60,4,0.0
15,9.09,62,79,1,0.0
7,5.67,323,58,8,0.0
19,7.34,29,136,2,0.0
9,7.29,167,70,9,0.0
19,2.15,103,43,1,63.94999999999999
20,4.25,31,79,6,0.0
2,2.23,308,6,2,51.69
0,5.93,336,0,5,60.28999999999999
13,9.36,160,6,9,100.0
2,8.88,2,102,5,0.0
9,4.31,59,16,3,71.43
19,5.45,232,71,5,11.849999999999994
10,7.9,354,32,6,50.7
5,5.85,364,99,1,0.0
15,6.87,35,110,3,0.0
14,1.23,167,168,6,0.0
16,3.87,184,103,10,0.0
16,5.53,159,50,6,37.59
1,3.5,165,56,9,0.0
6,6.79,20,9,9,68.87
12,1.89,351,128,5,0.0
11,5.01,277,132,5,0.0
19,9.9,235,90,5,0.0
4,5.7,133,166,6,0.0
1,3.47,22,37,5,0.0
18,5.3,89,85,5,0.0
12,5.55,159,82,10,0.0
3,5.09,297,22,2,33.269999999999996
4,8.1,203,113,8,0.0
16,9.46,286,56,4,40.379999999999995
2,2.58,338,48,5,0.0
5,6.17,276,59,5,0.0
11,7.1,39,34,5,50.8
5,2.19,263,68,4,0.0
20,7.42,12,84,10,0.0
17,9.48,344,148,8,0.0
5,8.49,158,128,6,0.0
4,6.81,166,31,6,19.430000000000007
2,2.43,197,151,3,0.0
5,7.61,26,164,9,0.0
18,6.13,1,164,2,0.0
10,2.72,341,130,4,0.0
8,1.04,78,108,8,0.0
8,1.3,9,27,4,33.900000000000006
10,5.77,246,3,7,100.0
19,4.74,2,113,6,0.0
8,1.24,36,94,6,0.0
1,1.91,355,92,1,0.0
11,4.63,211,102,10,0.0
13,9.09,129,24,9,80.77000000000001
0,6.08,247,19,8,18.24000000000001
4,2.62,51,0,3,73.36
16,8.6,338,82,8,0.0
9,4.03,329,26,2,52.09
20,9.58,108,111,2,0.0
11,4.36,254,96,7,0.0
7,9.12,223,96,3,0.0
5,4.66,312,14,4,54.980000000000004
19,8.99,119,20,7,100.0
6,3.46,89,5,5,72.88
16,4.91,206,146,6,0.0
3,6.83,262,48,2,0.0
17,2.73,274,149,4,0.0
7,5.28,158,100,3,0.0
14,2.6,129,52,9,10.299999999999997
11,8.3,326,90,2,0.0
11,6.19,129,171,9,0.0
15,9.01,39,106,6,0.0
15,1.26,207,55,2,15.780000000000001
8,2.1,309,117,2,0.0
19,4.48,71,102,2,0.0
12,2.27,208,146,8,0.0
14,9.19,66,106,9,0.0
5,2.82,197,89,9,0.0
20,8.6,136,9,7,100.0
13,4.97,271,52,8,13.909999999999997
5,7.04,99,66,10,0.0
16,4.69,92,25,8,82.07
0,7.24,238,70,1,0.0
13,1.35,7,77,8,0.0
15,5.55,237,51,1,38.150000000000006
9,6.23,357,166,6,0.0
2,5.24,343,144,2,0.0
12,1.23,194,16,8,69.69
14,8.16,364,91,7,0.0
4,1.72,69,91,2,0.0
1,5.68,185,62,6,0.0
17,5.74,245,57,10,23.22
6,4.42,270,143,6,0.0
12,6.25,74,179,10,0.0
19,3.74,251,4,9,100.0
12,4.15,345,78,6,0.0
9,7.3,168,36,9,31.400000000000006
2,9.59,68,102,3,0.0
1,2.66,178,77,4,0.0
9,7.54,344,25,5,60.120000000000005
20,9.31,171,74,5,22.430000000000007
14,3.88,46,119,5,0.0
2,2.08,123,92,8,0.0
10,3.72,94,168,9,0.0
9,7.26,81,80,3,0.0
0,9.79,145,40,8,0.0
0,1.57,76,144,2,0.0
7,5.2,181,152,7,0.0
0,6.7,37,106,2,0.0
10,9.72,144,162,8,0.0
5,9.01,225,163,4,0.0
8,5.35,94,32,8,30.049999999999997
20,4.17,186,27,10,93.50999999999999
14,7.17,278,161,10,0.0
5,1.27,136,22,1,33.31
18,4.99,123,109,9,0.0
19,5.05,3,33,2,91.15
1,8.1,148,6,4,61.3
7,8.78,360,102,8,0.0
16,7.85,342,140,7,0.0
17,5.48,15,98,8,0.0
2,1.48,212,149,5,0.0
11,5.26,244,171,5,0.0
5,9.66,247,110,9,0.0
5,4.43,78,124,6,0.0
20,7.87,178,117,4,0.0
15,1.91,126,97,2,0.0
13,1.67,246,54,1,10.510000000000005
13,2.96,267,68,2,0.0
14,2.1,221,180,10,0.0
1,8.23,53,51,3,0.0
4,9.04,284,18,6,52.120000000000005
3,4.78,322,121,1,0.0
14,7.31,198,114,9,0.0
18,8.44,185,174,1,0.0
20,4.38,357,125,5,0.0
13,3.13,117,15,8,82.39
10,2.61,32,133,5,0.0
12,5.92,246,111,10,0.0
15,1.89,11,122,6,0.0
0,7.5,265,28,6,7.5
20,2.19,217,73,8,0.0
7,5.0,217,5,1,88.5
0,7.59,148,102,4,0.0
18,4.08,111,102,7,0.0
7,5.69,120,59,1,0.0
19,2.74,164,74,8,0.0
12,1.15,220,32,6,40.45
2,9.13,350,84,8,0.0
9,6.22,357,158,2,0.0
10,3.76,263,44,5,15.780000000000001
9,2.76,315,35,4,27.28
8,7.08,329,10,10,76.24000000000001
6,5.52,269,55,2,0.0
3,6.83,203,76,9,0.0
8,3.58,142,88,4,0.0
19,7.92,107,32,3,100.0
14,8.31,313,165,9,0.0
2,1.58,345,125,9,0.0
7,7.65,114,164,9,0.0
10,4.95,317,119,8,0.0
18,7.93,315,95,9,0.0
19,5.95,236,60,6,33.849999999999994
3,7.32,267,30,10,11.960000000000008
18,5.76,15,95,7,0.0
17,9.73,128,129,8,0.0
0,2.51,275,48,8,0.0
14,2.43,230,48,8,19.290000000000006
17,6.06,58,108,3,0.0
3,6.92,250,156,7,0.0
19,4.89,205,175,4,0.0
16,3.31,199,154,5,0.0
6,1.3,39,85,4,0.0
8,8.85,258,6,2,100.0
3,4.3,280,56,5,0.0
5,5.07,35,23,8,32.21000000000001
12,5.36,113,25,5,68.58
11,8.53,261,146,7,0.0
1,1.63,339,156,5,0.0
16,2.8,196,64,6,1.4000000000000057
2,8.21,74,146,9,0.0
2,2.19,157,8,5,43.06999999999999
9,2.64,107,48,5,0.0
1,3.12,150,135,8,0.0
16,4.45,98,139,5,0.0
5,5.28,131,133,3,0.0
14,3.53,129,13,8,92.59
16,4.4,312,66,3,6.699999999999989
17,1.36,135,68,3,0.0
2,2.92,152,151,7,0.0
5,8.82,47,128,2,0.0
16,2.0,288,149,4,0.0
15,4.49,162,147,9,0.0
13,3.58,247,128,10,0.0
3,4.24,127,12,7,43.22
18,3.1,361,163,9,0.0
12,6.8,58,156,6,0.0
12,7.22,318,58,9,2.1599999999999966
19,8.77,70,24,6,100.0
5,7.02,171,169,5,0.0
13,7.54,74,132,5,0.0
1,9.64,154,74,7,0.0
0,5.06,193,160,6,0.0
15,9.6,289,46,7,51.30000000000001
10,2.66,80,174,9,0.0
14,9.69,33,120,3,0.0
17,3.36,350,100,4,0.0
11,8.31,139,93,8,0.0
15,2.76,84,146,6,0.0
12,8.25,63,105,10,0.0
9,2.32,203,23,9,42.459999999999994
8,4.61,298,48,6,0.0
13,5.96,3,180,6,0.0
5,5.21,64,171,9,0.0
17,3.97,144,166,3,0.0
7,8.78,249,137,4,0.0
18,9.79,49,142,1,0.0
14,3.19,31,106,1,0.0
1,7.9,152,25,2,25.700000000000003
18,2.55,190,114,1,0.0
17,4.37,109,161,4,0.0
18,1.21,301,155,7,0.0
2,7.35,81,87,8,0.0
7,1.09,250,3,8,70.27
19,9.49,303,34,2,100.0
4,2.5,33,148,6,0.0
6,6.08,318,120,7,0.0
5,5.54,246,99,1,0.0
8,6.1,301,8,9,78.8
16,5.34,154,44,8,46.02000000000001
10,7.54,190,103,8,0.0
14,8.79,286,33,8,68.37
7,7.16,329,94,2,0.0
3,4.87,356,156,7,0.0
7,6.29,72,63,7,0.0
14,2.85,304,165,1,0.0
19,9.21,281,172,6,0.0
14,7.29,133,83,3,0.0
7,8.79,340,11,3,84.87
2,4.22,321,10,3,48.16
16,2.83,297,64,1,8.990000000000009
19,5.3,73,133,9,0.0
8,3.17,264,160,7,0.0
18,4.73,327,123,4,0.0
8,3.18,363,0,6,90.54
17,7.08,218,95,7,0.0
16,5.66,53,33,7,70.47999999999999
18,7.17,197,129,7,0.0
8,5.6,65,49,4,2.799999999999997
14,8.32,75,63,5,11.460000000000008
6,7.36,154,67,10,0.0
6,1.76,140,176,6,0.0
11,5.71,178,96,5,0.0
16,8.44,153,144,2,0.0
8,4.02,212,69,1,0.0
14,7.18,172,127,7,0.0
0,6.72,249,99,6,0.0
2,5.17,52,100,8,0.0
12,6.92,324,131,5,0.0
18,2.52,212,3,2,100.0
18,2.19,195,180,9,0.0
0,5.08,335,103,6,0.0
20,5.36,315,94,4,0.0
18,2.27,151,41,2,61.81
17,8.63,29,173,4,0.0
1,8.58,129,75,2,0.0
17,6.56,159,87,2,0.0
5,9.72,266,61,1,0.0
1,6.47,321,154,7,0.0
10,3.96,352,97,10,0.0
10,5.22,259,1,2,100.0
12,6.37,126,57,3,10.610000000000014
14,6.07,206,110,7,0.0
2,4.89,53,102,6,0.0
15,3.24,232,107,9,0.0
12,4.66,362,7,10,94.98
6,6.66,97,89,3,0.0
16,9.37,337,53,10,37.110000000000014
17,4.04,321,148,1,0.0
4,4.72,139,126,3,0.0
1,7.63,58,100,10,0.0
20,1.41,361,54,10,31.22999999999999
8,7.06,346,164,5,0.0
9,2.04,35,33,9,21.620000000000005
20,3.62,271,46,8,56.860000000000014
1,1.46,270,115,5,0.0
14,3.87,303,90,7,0.0
0,3.12,321,121,9,0.0
6,7.16,44,117,1,0.0
0,1.72,20,142,9,0.0
0,3.34,148,85,8,0.0
20,8.82,32,147,2,0.0
0,4.48,215,108,6,0.0
19,3.19,283,73,2,5.569999999999993
14,8.16,238,128,8,0.0
3,5.87,310,149,4,0.0
6,6.47,323,141,5,0.0
6,9.6,254,92,7,0.0
19,5.27,354,77,3,2.3100000000000023
18,6.36,8,35,2,86.08000000000001
1,2.06,158,102,5,0.0
19,4.14,171,58,9,27.919999999999987
18,6.19,246,64,3,26.069999999999993
9,5.12,11,85,5,0.0
10,9.21,219,56,6,6.6299999999999955
3,7.99,156,147,5,0.0
18,4.95,303,102,1,0.0
0,2.01,219,175,5,0.0
12,6.51,271,108,5,0.0
1,3.14,298,85,8,0.0
13,1.2,314,105,9,0.0
13,8.52,187,112,1,0.0
13,7.98,324,132,8,0.0
6,2.44,63,29,9,15.819999999999993
6,3.88,314,69,3,0.0
7,5.17,145,13,4,68.51
10,2.73,60,36,8,24.189999999999998
20,5.54,251,151,5,0.0
10,9.77,228,35,1,57.81
18,2.67,117,37,6,65.00999999999999
5,2.66,191,42,1,0.0
11,6.86,50,137,7,0.0
17,9.03,17,30,6,93.09
9,8.76,49,82,4,0.0
6,9.28,345,149,4,0.0
13,8.51,210,128,2,0.0
3,4.08,92,66,3,0.0
16,2.99,259,177,5,0.0
18,7.0,257,101,5,0.0
5,7.46,235,18,10,46.379999999999995
7,9.46,59,40,4,27.379999999999995
15,9.9,155,167,4,0.0
3,6.17,113,95,10,0.0
0,3.6,65,90,2,0.0
4,6.5,231,47,2,0.0
5,8.64,95,145,6,0.0
18,5.52,266,108,6,0.0
19,2.17,47,11,4,100.0
19,7.24,175,176,3,0.0
1,3.95,5,71,4,0.0
12,3.82,257,72,5,0.0
16,5.07,181,132,4,0.0
18,5.82,283,80,4,0.0
0,5.65,128,1,1,63.45
11,8.94,40,123,1,0.0
1,9.96,317,43,1,0.0
10,4.18,293,171,9,0.0
12,1.81,243,106,4,0.0
19,9.13,238,56,4,54.389999999999986
10,4.74,41,58,7,0.0
4,6.85,22,70,6,0.0
11,5.59,239,46,10,14.769999999999996
9,8.71,139,138,4,0.0
19,2.08,103,158,2,0.0
3,6.27,271,5,6,64.81
6,8.9,16,51,2,1.7000000000000028
12,9.28,317,111,10,0.0
17,1.06,119,0,5,100.0
8,5.15,116,33,5,31.950000000000003
14,1.52,231,87,3,0.0
19,8.73,131,97,1,0.0
0,7.69,260,12,9,35.56999999999999
7,4.84,18,82,5,0.0
10,1.47,91,111,2,0.0
17,3.93,70,40,7,56.28999999999999
20,4.63,27,108,4,0.0
3,2.78,324,131,8,0.0
10,3.86,202,16,5,72.08
2,3.31,157,171,9,0.0
14,2.43,198,134,2,0.0
6,2.48,330,25,6,28.439999999999998
2,2.76,304,129,4,0.0
2,7.72,265,14,6,46.16
11,5.96,353,73,6,0.0
17,5.21,211,150,9,0.0
17,6.77,338,18,8,100.0
9,9.89,239,82,5,0.0
17,6.22,132,92,6,0.0
0,3.47,55,90,4,0.0
14,5.6,277,79,1,0.0
8,9.87,325,88,4,0.0
10,7.67,71,96,1,0.0
20,9.28,234,5,2,100.0
7,9.1,283,80,1,0.0
7,8.29,187,33,3,39.370000000000005
3,5.9,315,59,4,0.0
20,9.79,197,67,4,39.370000000000005
11,8.47,253,114,6,0.0
14,3.63,353,180,3,0.0
18,1.31,72,97,9,0.0
2,1.13,152,126,1,0.0
13,6.55,261,174,3,0.0
1,4.11,197,7,2,50.33
5,7.96,218,118,6,0.0
15,2.75,176,5,1,100.0
6,4.77,337,38,4,12.310000000000002
10,5.02,28,6,3,98.56
19,3.08,217,144,1,0.0
2,4.11,94,18,8,24.33
9,1.69,138,90,5,0.0
3,4.09,83,54,6,0.0
1,7.1,119,94,6,0.0
10,6.82,129,6,3,100.0
1,8.38,326,165,3,0.0
9,8.29,145,78,8,0.0
20,7.07,336,33,3,100.0
9,9.83,323,42,4,34.49000000000001
18,4.36,315,36,10,66.08000000000001
3,8.98,40,41,9,0.0
19,7.51,244,152,7,0.0
11,7.69,17,119,1,0.0
16,3.09,191,7,5,100.0
20,5.52,25,115,3,0.0
3,5.81,160,36,5,2.930000000000007
6,3.59,174,128,5,0.0
12,5.15,332,36,8,41.45
13,6.61,148,172,3,0.0
9,2.27,268,160,7,0.0
10,5.83,354,24,4,63.49000000000001
13,2.45,41,26,10,55.349999999999994
17,8.57,325,137,2,0.0
17,3.99,359,174,7,0.0
17,4.78,63,128,3,0.0
12,6.97,275,68,10,0.0
19,6.04,316,37,4,83.12
3,7.38,174,108,7,0.0
15,6.19,190,92,7,0.0
20,7.96,167,13,6,100.0
18,8.79,61,134,8,0.0
12,7.27,115,42,9,34.31
6,5.01,312,98,6,0.0
17,1.81,107,74,2,0.0
7,3.23,150,126,10,0.0
15,2.64,122,9,4,100.0
16,8.52,16,5,2,100.0
3,2.72,75,8,2,54.16
10,8.97,12,9,6,99.91
6,7.14,44,35,5,23.92
7,3.14,267,161,3,0.0
6,8.8,31,74,4,0.0
19,3.55,265,165,8,0.0
6,3.28,140,31,8,15.840000000000003
11,5.02,249,119,10,0.0
15,4.17,257,31,1,74.00999999999999
0,5.12,29,84,9,0.0
17,4.44,146,23,5,94.82
18,1.32,155,77,4,0.0
14,7.2,23,14,9,100.0
20,8.72,243,77,9,8.659999999999997
10,5.69,179,86,6,0.0
9,3.85,276,109,4,0.0
15,1.74,214,100,9,0.0
9,5.48,150,155,6,0.0
15,2.87,289,88,1,0.0
8,7.13,207,176,8,0.0
10,5.93,162,27,10,48.78999999999999
6,8.8,183,169,7,0.0
19,5.42,166,127,9,0.0
3,7.23,167,169,5,0.0
14,1.36,263,131,5,0.0
19,5.6,270,27,5,100.0
2,6.27,201,174,2,0.0
16,2.33,12,93,1,0.0
19,5.11,65,151,2,0.0
2,8.67,323,168,4,0.0
16,4.77,293,7,2,100.0
15,8.1,206,85,5,0.0
19,7.14,340,170,10,0.0
9,4.64,217,17,10,59.92
7,2.51,116,103,8,0.0
19,7.77,111,97,6,0.0
9,8.84,354,18,7,75.02
16,2.17,255,47,1,41.00999999999999
5,6.67,31,175,7,0.0
1,1.27,24,136,2,0.0
15,4.4,38,18,7,91.69999999999999
14,3.91,265,46,5,32.22999999999999
17,7.68,97,7,7,100.0
19,8.14,71,64,4,35.420000000000016
11,9.83,105,125,9,0.0
3,1.34,231,136,10,0.0
17,1.18,45,51,7,26.039999999999992
6,7.75,358,122,1,0.0
12,3.85,114,60,9,0.0
12,7.22,209,139,1,0.0
12,5.31,215,82,4,0.0
4,4.75,267,43,6,0.0
20,5.0,352,99,2,0.0
13,4.9,69,82,1,0.0
9,3.52,294,57,4,0.0
0,7.45,176,126,6,0.0
3,8.48,239,47,6,0.0
14,8.33,72,51,9,29.49000000000001
17,9.69,30,36,2,89.07
2,4.24,177,130,10,0.0
2,3.31,178,30,6,0.9300000000000068
11,6.01,69,179,10,0.0
17,3.4,318,147,1,0.0
16,6.5,282,123,1,0.0
18,8.8,314,13,6,100.0
17,9.27,198,135,9,0.0
5,1.23,244,13,8,40.69
14,3.83,358,155,1,0.0
8,2.29,41,117,8,0.0
10,4.86,364,110,10,0.0
14,9.99,191,85,3,0.0
6,9.46,81,53,2,0.0
7,9.74,112,68,2,0.0
3,8.22,310,100,3,0.0
13,4.68,206,2,2,100.0
8,3.45,178,88,3,0.0
16,7.02,252,101,9,0.0
18,8.4,55,156,8,0.0
14,1.01,18,62,6,0.0
17,6.61,316,36,7,72.33000000000001
0,5.83,9,122,10,0.0
5,8.79,262,12,4,71.37
18,5.52,241,87,7,0.0
7,5.83,176,7,1,86.99000000000001
11,6.6,134,17,7,80.3
0,7.0,255,51,5,0.0
12,3.63,75,122,7,0.0
5,7.61,50,50,9,0.0
3,9.69,192,49,4,0.0
13,8.37,217,50,3,35.610000000000014
6,2.18,240,52,8,0.0
20,4.82,107,49,9,52.96000000000001
4,1.75,128,70,8,0.0
12,4.53,360,65,5,0.0
19,8.54,206,115,5,0.0
20,5.32,152,87,6,0.0
0,9.72,72,110,7,0.0
0,5.5,309,57,3,0.0
11,7.25,147,149,2,0.0
12,9.77,355,168,7,0.0
3,6.55,330,29,8,14.650000000000006
17,7.67,363,150,3,0.0
8,8.38,192,66,4,0.0
11,3.3,137,135,9,0.0
20,5.18,57,159,6,0.0
19,1.54,200,155,7,0.0
15,2.77,243,9,9,100.0
14,5.87,173,114,8,0.0
18,1.31,194,99,5,0.0
18,8.39,131,46,8,61.170000000000016
12,6.27,132,131,5,0.0
11,4.17,316,114,3,0.0
10,7.09,68,10,2,98.27
15,7.82,43,64,9,6.960000000000008
16,6.25,31,89,5,0.0
6,7.11,100,140,2,0.0
17,3.91,25,134,10,0.0
18,1.78,69,13,1,100.0
11,5.68,245,122,5,0.0
10,8.37,307,73,9,0.0
15,1.72,199,14,6,93.16
10,4.39,128,108,6,0.0
17,3.97,66,77,3,0.0
15,2.5,19,165,7,0.0
8,1.75,324,140,9,0.0
1,9.71,257,141,1,0.0
15,4.79,34,21,10,82.37
7,4.51,204,34,8,18.53
11,3.24,137,166,7,0.0
6,2.86,323,6,10,61.58
17,4.09,161,110,8,0.0
19,3.82,55,14,1,100.0
10,2.99,276,37,9,21.47
12,7.53,245,23,8,74.59
11,2.15,299,138,1,0.0
12,5.91,202,22,4,77.73
1,3.48,42,52,2,0.0
6,4.33,110,134,10,0.0
10,8.02,226,51,10,7.060000000000002
4,7.34,261,130,1,0.0
8,7.23,126,161,4,0.0
16,5.95,115,56,5,28.349999999999994
7,4.96,322,92,10,0.0
16,6.58,228,95,3,0.0
9,8.75,317,105,5,0.0
0,6.97,99,73,1,0.0
10,3.33,211,168,10,0.0
1,2.76,182,10,3,38.78
19,6.51,343,20,6,100.0
19,6.37,303,139,10,0.0
11,7.66,42,111,6,0.0
10,9.56,268,19,1,89.18
0,6.62,189,40,2,0.0
0,6.98,4,153,10,0.0
9,8.9,201,134,7,0.0
1,4.36,36,31,1,4.579999999999998
12,9.45,170,116,5,0.0
6,3.37,250,172,10,0.0
0,8.3,261,44,6,0.0
15,4.94,2,37,10,50.81999999999999
13,7.51,155,132,4,0.0
18,1.05,203,29,10,70.15
8,4.18,324,118,2,0.0
4,7.54,21,78,1,0.0
4,3.88,128,55,9,0.0
19,1.92,297,81,1,0.0
3,3.35,323,73,2,0.0
16,1.64,363,170,6,0.0
6,7.79,142,33,8,25.370000000000005
8,9.71,28,165,5,0.0
12,5.34,289,130,9,0.0
17,3.03,109,139,8,0.0
18,7.49,165,94,5,0.0
9,9.88,160,72,3,0.0
10,9.81,332,26,3,72.93
9,9.15,316,180,8,0.0
10,9.73,31,35,4,53.19
11,1.75,217,45,2,17.25
10,7.8,59,73,3,0.0
19,4.84,65,54,6,42.52000000000001
2,4.01,190,59,7,0.0
20,8.5,4,145,6,0.0
9,7.08,141,122,9,0.0
19,5.42,5,99,10,0.0
17,7.02,136,139,9,0.0
19,4.42,183,84,5,0.0
11,2.01,17,124,2,0.0
0,4.64,138,132,7,0.0
8,4.71,77,27,1,48.629999999999995
19,6.11,261,159,4,0.0
18,5.07,26,139,10,0.0
16,8.0,338,113,2,0.0
8,2.63,221,146,7,0.0
14,4.99,5,82,6,0.0
10,5.1,284,142,5,0.0
3,8.97,281,121,7,0.0
20,4.08,325,112,1,0.0
11,5.61,23,22,6,68.83
5,8.58,294,33,4,28.74000000000001
1,3.82,140,127,2,0.0
12,5.2,364,161,10,0.0
13,3.76,201,142,10,0.0
18,7.4,265,3,2,100.0
9,9.55,25,13,6,88.65
3,5.47,300,179,5,0.0
3,3.8,83,0,1,74.9
10,8.99,360,39,8,36.97
16,5.79,347,6,5,100.0
4,7.24,117,12,2,64.72
14,8.63,304,74,7,0.0
3,6.54,185,166,5,0.0
13,7.18,77,108,5,0.0
8,7.36,8,71,9,0.0
20,1.96,32,40,6,66.88
17,3.31,195,160,7,0.0
16,9.59,105,36,6,77.77000000000001
15,9.12,124,143,6,0.0
16,8.94,87,53,5,43.31999999999999
13,4.11,251,140,2,0.0
16,3.46,249,162,9,0.0
6,2.97,223,93,5,0.0
4,2.56,57,83,3,0.0
13,8.56,185,142,5,0.0
12,4.41,149,79,9,0.0
2,7.99,341,117,4,0.0
5,9.81,108,175,2,0.0
14,7.42,215,58,6,17.25999999999999
0,2.77,161,44,9,0.0
11,2.72,349,51,2,8.159999999999997
11,2.06,210,97,5,0.0
7,1.16,191,105,1,0.0
14,9.97,152,138,10,0.0
0,6.58,136,54,8,0.0
18,7.63,294,72,8,6.889999999999986
19,9.46,58,161,3,0.0
19,5.22,356,79,1,1.1599999999999966
17,4.82,347,7,6,100.0
6,7.52,358,29,9,31.060000000000002
6,6.73,300,38,7,13.689999999999998
6,5.51,134,123,1,0.0
15,2.69,257,158,10,0.0
5,6.63,332,109,8,0.0
3,5.74,6,175,7,0.0
14,2.56,290,89,4,0.0
11,7.91,106,150,9,0.0
5,9.41,156,125,3,0.0
17,9.5,289,9,5,100.0
10,1.17,82,40,9,10.010000000000005
19,9.69,358,13,3,100.0
4,4.95,14,148,5,0.0
12,1.54,83,172,6,0.0
10,6.85,320,170,10,0.0
5,7.38,169,65,8,0.0
0,7.3,122,137,4,0.0
5,2.24,344,94,4,0.0
3,2.71,338,142,6,0.0
9,2.67,350,30,4,37.010000000000005
16,2.7,232,130,5,0.0
8,5.55,363,159,9,0.0
11,6.33,134,20,5,76.49000000000001
19,5.51,107,5,8,100.0
0,5.12,109,136,6,0.0
3,2.38,278,18,1,34.64
3,3.75,249,169,10,0.0
18,4.13,346,44,4,58.389999999999986
5,2.21,8,65,4,0.0
4,2.76,184,66,7,0.0
6,3.95,306,173,6,0.0
5,2.84,362,57,8,0.0
20,7.45,316,90,5,0.0
1,4.39,179,114,10,0.0
4,9.44,230,180,10,0.0
18,5.17,84,134,6,0.0
2,6.63,8,145,1,0.0
3,2.33,354,125,7,0.0
12,7.38,47,102,10,0.0
13,8.04,152,78,10,0.0
9,6.99,355,14,3,83.47
18,2.14,358,112,10,0.0
8,8.56,51,64,7,0.0
2,7.55,148,48,7,0.0
1,1.72,62,36,10,0.0
1,7.56,289,151,1,0.0
13,3.79,268,92,1,0.0
5,8.99,173,149,1,0.0
17,2.47,11,40,9,48.91
14,5.4,266,154,8,0.0
1,5.76,254,12,9,34.78
0,6.72,297,27,4,10.159999999999997
6,4.85,53,54,7,0.0
4,7.09,188,122,10,0.0
6,7.86,105,68,8,0.0
10,9.13,31,9,9,95.89
0,7.92,60,118,1,0.0
4,6.54,98,153,3,0.0
16,7.17,327,36,2,76.50999999999999
3,2.12,55,113,3,0.0
13,4.28,95,123,4,0.0
12,9.15,58,27,7,72.94999999999999
8,1.6,260,27,7,30.299999999999997
15,4.64,122,26,5,79.41999999999999
12,5.25,364,57,2,8.75
0,9.1,39,104,7,0.0
19,6.95,174,65,1,34.349999999999994
4,4.72,316,29,2,23.159999999999997
1,5.07,362,63,2,0.0
7,9.56,70,60,2,0.0
19,8.42,353,166,6,0.0
3,7.02,222,126,3,0.0
3,5.39,151,71,5,0.0
20,6.27,319,82,4,0.0
8,1.97,304,145,2,0.0
12,1.03,62,174,4,0.0
15,9.3,271,121,6,0.0
16,6.25,244,9,1,100.0
14,5.49,265,66,9,0.0
10,9.58,357,56,3,12.240000000000009
9,3.35,26,26,5,45.55
9,3.32,149,171,4,0.0
15,9.67,172,20,10,99.00999999999999
14,3.09,141,49,3,26.77000000000001
11,2.99,319,14,5,78.47
12,7.47,324,55,7,11.909999999999997
13,6.13,294,49,9,21.889999999999986
15,1.47,69,57,4,9.409999999999997
16,6.43,241,130,1,0.0
2,2.94,298,119,5,0.0
19,5.97,158,81,3,0.0
10,9.02,209,139,1,0.0
14,4.33,323,22,3,84.49000000000001
16,9.29,339,135,8,0.0
6,1.94,213,157,8,0.0
20,8.51,171,152,3,0.0
5,7.82,214,154,7,0.0
9,2.45,155,118,2,0.0
16,3.93,285,101,6,0.0
11,2.59,189,58,6,0.0
5,8.9,271,14,9,60.2
20,7.5,95,86,8,0.0
15,4.68,222,111,8,0.0
5,4.94,169,92,1,0.0
11,6.31,212,170,7,0.0
12,7.71,41,157,6,0.0
11,4.69,107,147,2,0.0
10,2.36,283,85,2,0.0
7,7.15,196,16,3,69.95
8,1.64,275,5,9,71.42
20,7.94,99,95,6,0.0
14,6.01,301,174,1,0.0
1,6.65,64,172,10,0.0
2,2.49,341,68,5,0.0
3,8.96,44,70,5,0.0
11,7.88,233,179,9,0.0
14,4.04,67,62,1,6.6200000000000045
2,3.08,1,38,9,0.0
15,3.85,364,66,4,0.0
17,5.36,80,158,3,0.0
1,8.36,229,62,4,0.0
7,4.2,102,67,8,0.0
6,1.26,194,40,9,0.0
2,7.22,143,141,6,0.0
11,1.01,283,164,3,0.0
7,1.19,129,85,2,0.0
10,4.66,165,64,9,0.0
0,1.37,187,66,2,0.0
20,8.18,46,19,8,100.0
8,6.57,2,70,4,0.0
18,2.36,119,98,5,0.0
14,7.03,27,114,2,0.0
19,7.75,65,54,4,54.25
4,6.59,237,109,2,0.0
14,7.9,79,39,3,61.19999999999999
0,1.72,330,24,3,2.6599999999999966
18,7.97,202,94,9,0.0
15,7.5,64,39,10,54.5
19,1.95,69,30,6,81.85
1,7.67,278,110,9,0.0
0,7.54,214,47,7,0.0
1,2.84,40,45,8,0.0
14,9.38,32,161,9,0.0
9,9.69,177,129,9,0.0
11,3.12,258,21,4,66.36
20,6.98,360,80,9,0.0
14,2.32,19,20,10,71.96
8,5.45,106,114,4,0.0
17,3.39,310,81,9,0.0
5,8.77,248,179,4,0.0
13,9.72,39,53,4,32.16
9,4.09,203,0,4,100.0
6,3.79,310,59,7,0.0
20,7.08,116,116,4,0.0
14,4.16,33,148,3,0.0
5,4.61,131,51,10,0.0
14,7.23,62,4,10,100.0
15,8.48,199,85,1,0.0
7,6.84,348,153,8,0.0
0,3.03,152,129,3,0.0
6,5.19,236,139,8,0.0
8,6.87,150,71,1,0.0
1,9.66,174,90,2,0.0
6,3.12,118,180,2,0.0
12,6.41,144,146,5,0.0
17,1.28,42,35,2,65.84
16,5.48,169,147,5,0.0
5,2.34,269,34,5,6.519999999999996
14,5.15,291,8,1,100.0
13,8.29,147,30,1,78.37
2,8.0,352,98,2,0.0
5,6.07,20,156,5,0.0
3,2.14,355,7,5,49.92
3,4.26,36,134,2,0.0
3,7.3,167,40,10,0.0
6,3.87,156,38,4,9.61
15,2.04,43,85,4,0.0
1,1.76,284,100,4,0.0
20,3.05,200,109,1,0.0
3,4.12,357,97,3,0.0
4,4.94,313,169,6,0.0
19,2.15,306,5,4,100.0
11,3.68,352,172,8,0.0
12,8.43,45,162,9,0.0
6,4.67,31,150,8,0.0
9,5.18,77,163,3,0.0
20,4.36,167,82,3,0.0
5,1.02,64,132,7,0.0
15,3.01,7,61,6,3.030000000000001
14,5.37,317,66,10,0.0
4,5.17,89,155,10,0.0
12,9.31,211,125,1,0.0
8,3.59,209,154,10,0.0
20,6.34,136,57,10,40.02000000000001
6,2.2,221,48,9,0.0
11,7.57,94,77,8,0.0
17,3.19,311,138,8,0.0
12,2.26,37,79,3,0.0
6,4.59,25,99,2,0.0
13,4.94,201,76,5,0.0
3,4.22,136,161,8,0.0
7,8.16,63,102,4,0.0
16,8.24,62,82,7,0.0
12,5.79,262,167,7,0.0
9,5.64,79,125,7,0.0
20,5.42,13,87,7,0.0
18,9.06,97,162,2,0.0
7,6.66,203,112,4,0.0
2,1.29,280,163,6,0.0
13,7.01,323,100,8,0.0
5,4.58,128,120,3,0.0
2,4.77,349,92,3,0.0
5,3.64,53,112,1,0.0
9,1.72,226,86,1,0.0
10,6.23,181,50,4,12.689999999999998
12,3.82,182,102,7,0.0
10,7.52,94,152,3,0.0
0,2.93,345,59,7,0.0
16,4.98,181,177,9,0.0
20,9.28,239,124,6,0.0
14,4.07,13,10,10,97.21000000000001
19,7.02,201,109,10,0.0
4,3.95,223,106,4,0.0
0,8.96,97,4,10,53.879999999999995
5,8.41,222,10,8,68.23
9,4.68,332,136,9,0.0
9,3.41,266,128,7,0.0
9,6.21,246,18,2,74.63
18,3.87,47,78,7,0.0
15,7.53,22,67,9,0.09000000000000341
20,2.27,48,52,6,43.81
7,3.37,67,168,7,0.0
4,3.36,291,143,1,0.0
7,1.33,216,114,10,0.0
3,2.48,122,94,8,0.0
20,3.35,304,59,9,28.55000000000001
12,9.12,155,27,2,80.36000000000001
18,5.47,133,50,10,41.41
7,4.23,41,85,5,0.0
9,7.55,201,74,5,0.0
4,6.81,150,164,10,0.0
15,8.38,237,84,8,0.0
19,8.92,348,23,5,100.0
20,2.39,281,73,5,3.6699999999999875
9,1.05,334,56,5,0.0
8,9.24,224,136,3,0.0
8,8.39,326,153,7,0.0
14,1.5,247,94,1,0.0
14,3.16,120,110,3,0.0
6,6.15,31,13,7,61.95
6,1.98,269,117,2,0.0
15,6.76,300,111,6,0.0
15,4.1,41,152,1,0.0
4,6.87,76,166,3,0.0
5,7.59,343,62,10,0.0
4,3.13,259,54,3,0.0
5,9.97,194,84,7,0.0
11,2.62,38,34,9,31.36
18,1.99,193,65,8,3.969999999999999
4,3.71,295,102,10,0.0
20,1.75,135,175,8,0.0
13,7.35,112,178,3,0.0
3,8.3,249,164,3,0.0
2,9.96,90,77,1,0.0
12,5.92,324,52,1,22.25999999999999
3,8.91,112,90,6,0.0
19,2.11,15,41,9,55.83000000000001
7,8.27,131,161,3,0.0
1,8.97,21,178,10,0.0
15,8.42,200,72,1,4.759999999999991
6,8.57,280,102,3,0.0
6,9.82,154,140,3,0.0
18,1.56,56,28,3,84.18
0,5.74,299,108,6,0.0
2,3.27,139,153,3,0.0
6,9.13,153,20,10,52.39
11,9.16,241,53,3,21.97999999999999
5,4.43,43,14,5,52.78999999999999
12,1.69,328,42,6,22.069999999999993
18,3.53,36,114,9,0.0
13,1.05,155,173,5,0.0
20,6.57,20,83,2,0.710000000000008
1,7.5,114,180,4,0.0
14,2.12,204,154,8,0.0
4,3.2,71,126,9,0.0
13,2.86,271,166,1,0.0
15,2.13,31,160,5,0.0
7,1.86,12,32,8,14.579999999999998
19,5.37,33,21,8,100.0
18,7.6,340,161,9,0.0
0,5.19,353,177,6,0.0
14,5.55,339,43,9,37.150000000000006
1,1.5,229,156,6,0.0
2,5.59,234,34,5,1.269999999999996
10,4.22,166,8,6,87.66
16,1.9,320,177,2,0.0
13,9.84,53,171,9,0.0
14,6.5,145,96,5,0.0
0,8.08,198,146,4,0.0
8,2.48,65,52,3,0.0
16,4.5,308,94,2,0.0
9,2.58,206,86,3,0.0
17,3.41,185,141,5,0.0
8,2.41,200,66,8,0.0
11,4.51,171,133,8,0.0
17,3.41,15,163,7,0.0
20,9.08,33,45,6,78.24000000000001
10,6.0,67,99,9,0.0
9,5.55,247,49,9,0.15000000000000568
0,5.6,361,52,5,0.0
9,5.1,102,51,6,0.0
9,5.4,220,134,6,0.0
7,7.59,107,108,1,0.0
2,1.68,125,126,1,0.0
19,4.74,25,23,10,98.22
20,7.48,338,4,6,100.0
3,8.77,146,83,2,0.0
4,4.91,307,45,2,0.0
19,1.5,292,151,10,0.0
5,9.72,22,38,7,17.659999999999997
14,9.89,357,131,3,0.0
2,6.19,80,73,9,0.0
9,3.98,335,18,5,63.44
7,6.11,37,117,10,0.0
7,5.62,352,82,8,0.0
11,5.09,350,169,8,0.0
0,8.86,83,57,10,0.0
10,6.96,21,14,10,77.88
7,1.9,4,104,3,0.0
19,1.73,207,19,10,97.19
19,5.14,90,158,2,0.0
17,3.75,141,164,2,0.0
0,3.64,105,166,6,0.0
19,8.68,6,67,5,29.539999999999992
7,4.37,97,54,2,0.0
15,8.62,272,135,9,0.0
17,3.88,167,119,4,0.0
16,7.71,194,159,9,0.0
10,6.03,334,170,2,0.0
14,9.65,85,4,7,100.0
2,3.39,163,147,4,0.0
15,1.4,18,8,10,98.19999999999999
12,2.94,168,58,6,0.0
1,3.93,303,23,5,13.290000000000006
10,6.47,151,113,6,0.0
12,5.94,254,95,1,0.0
20,3.56,15,175,10,0.0
15,6.38,297,179,5,0.0
0,6.28,281,99,7,0.0
20,5.19,180,137,7,0.0
5,2.71,78,127,6,0.0
5,2.63,237,14,2,51.89
2,7.83,221,69,2,0.0
5,5.02,164,59,10,0.0
5,6.19,268,89,10,0.0
20,3.97,265,92,9,0.0
8,4.06,175,38,10,11.180000000000007
12,7.92,276,174,5,0.0
5,9.12,318,89,7,0.0
14,3.97,168,56,1,18.409999999999997
11,7.98,365,179,3,0.0
5,9.29,121,44,7,4.3700000000000045
11,5.22,193,149,8,0.0
1,8.14,8,119,1,0.0
1,5.75,196,60,2,0.0
20,7.82,203,163,1,0.0
7,9.34,90,63,6,0.0
18,3.54,155,37,2,73.62
5,8.91,57,69,9,0.0
11,6.61,291,72,10,0.0
6,2.46,315,45,1,0.0
7,8.55,278,28,3,50.150000000000006
15,4.97,251,167,8,0.0
18,3.29,112,130,3,0.0
7,7.04,187,94,3,0.0
3,9.88,12,56,6,0.0
10,1.36,187,135,3,0.0
10,7.6,237,79,10,0.0
3,9.52,75,28,5,30.060000000000002
3,2.56,168,75,6,0.0
17,8.8,96,57,7,36.900000000000006
3,5.29,197,78,10,0.0
11,1.38,260,170,6,0.0
7,9.22,202,113,8,0.0
18,6.78,197,40,8,68.34
15,6.49,44,67,5,2.969999999999999
16,5.65,183,77,1,0.0
6,5.53,126,87,4,0.0
13,8.49,285,39,5,54.97
7,8.12,192,143,6,0.0
5,5.58,319,153,9,0.0
8,3.74,78,179,6,0.0
3,6.09,37,177,4,0.0
7,7.3,123,112,1,0.0
17,7.98,125,177,3,0.0
20,7.67,302,135,9,0.0
17,8.8,35,24,2,100.0
4,7.54,55,48,4,0.0
12,8.08,21,129,6,0.0
6,1.47,222,151,9,0.0
5,8.78,36,119,8,0.0
16,2.73,298,61,2,13.189999999999998
14,1.09,37,128,5,0.0
12,9.97,232,74,6,0.0
6,1.23,125,49,6,0.0
11,3.41,100,67,10,0.0
6,2.34,281,38,10,0.0
14,4.74,331,139,4,0.0
17,7.86,362,12,9,100.0
20,2.45,337,127,7,0.0
7,8.5,342,104,3,0.0
0,6.26,181,169,3,0.0
17,4.74,137,47,7,44.72
0,4.5,106,14,8,23.5
9,1.75,349,114,4,0.0
5,8.48,63,56,5,0.0
20,6.82,228,89,2,0.0
1,6.42,28,5,5,56.75999999999999
0,7.01,232,176,10,0.0
5,9.79,37,123,7,0.0
9,9.74,295,39,8,34.22
1,5.76,204,155,4,0.0
14,4.07,19,87,8,0.0
5,5.79,258,77,1,0.0
11,2.13,276,162,6,0.0
6,3.79,285,5,7,70.87
2,3.72,267,119,3,0.0
8,5.2,16,39,10,12.599999999999994
20,4.39,313,101,8,0.0
4,5.04,21,12,5,53.620000000000005
17,8.0,22,162,1,0.0
20,9.26,168,85,8,0.0
2,8.57,83,58,4,0.0
16,5.86,18,168,10,0.0
20,9.52,59,152,9,0.0
14,1.06,241,22,1,77.68
19,2.11,23,119,9,0.0
16,9.98,166,50,8,47.94
8,6.7,211,43,6,15.099999999999994
15,6.32,28,147,4,0.0
6,2.02,76,178,9,0.0
5,5.16,77,23,2,41.480000000000004
4,1.69,171,31,10,0.0
19,6.26,324,125,3,0.0
7,2.07,302,0,8,79.21
13,5.68,181,19,4,88.03999999999999
19,9.68,181,64,2,43.03999999999999
18,8.12,234,125,6,0.0
17,3.36,73,78,10,0.0
9,9.65,111,83,7,0.0
8,4.97,208,69,2,0.0
8,7.37,163,117,6,0.0
15,7.38,296,61,3,20.639999999999986
12,1.73,14,54,7,0.0
1,5.77,191,82,4,0.0
11,4.12,195,45,7,16.86
20,3.12,97,166,1,0.0
0,6.49,34,30,3,4.969999999999999
6,6.47,148,158,2,0.0
14,7.15,12,3,1,100.0
15,6.14,17,24,6,86.41999999999999
10,4.5,116,150,2,0.0
20,4.86,264,109,7,0.0
8,6.06,120,37,1,32.68000000000001
16,5.4,85,124,3,0.0
18,9.6,174,77,8,2.8000000000000114
5,8.41,138,145,9,0.0
18,5.57,242,28,6,91.71000000000001
0,1.67,163,41,3,0.0
8,4.88,24,174,1,0.0
6,9.67,215,131,5,0.0
12,8.17,194,133,8,0.0
13,7.7,65,113,10,0.0
6,3.53,243,144,9,0.0
13,3.9,101,149,4,0.0
2,5.95,176,2,8,61.849999999999994
11,9.02,216,24,5,76.56
4,8.73,264,112,5,0.0
20,1.01,223,20,10,98.03
4,1.0,97,165,1,0.0
16,9.6,159,81,10,0.0
3,1.4,68,27,6,6.200000000000003
14,6.71,340,96,1,0.0
11,5.03,326,128,8,0.0
8,4.73,192,120,5,0.0
16,2.55,146,167,1,0.0
13,7.54,128,126,4,0.0
5,7.31,22,53,4,0.0
17,1.79,295,132,7,0.0
10,5.73,256,56,9,0.0
3,3.35,280,59,5,0.0
0,6.89,136,4,5,55.17
18,1.55,189,101,9,0.0
19,2.12,209,57,9,23.860000000000014
16,2.03,180,35,10,51.09
8,1.91,65,26,9,30.230000000000004
15,8.57,332,132,2,0.0
2,2.54,4,44,9,0.0
3,9.09,25,50,1,0.0
7,5.27,156,8,10,69.81
13,6.15,169,80,1,0.0
20,9.92,277,25,9,100.0
4,9.35,192,162,2,0.0
19,9.57,353,83,3,3.210000000000008
0,8.22,65,99,3,0.0
20,6.13,43,15,7,100.0
20,3.93,279,0,1,100.0
9,2.62,359,64,2,0.0
10,1.36,42,131,2,0.0
1,1.86,43,57,2,0.0
8,4.39,202,118,1,0.0
1,5.64,207,14,2,40.92
5,8.73,271,118,3,0.0
4,4.79,149,62,4,0.0
13,6.52,161,16,9,89.06
20,2.85,240,25,6,99.55000000000001
13,6.22,65,86,9,0.0
4,7.82,87,57,4,0.0
19,3.01,291,130,1,0.0
3,7.35,341,56,2,0.0
19,6.45,88,66,1,30.849999999999994
14,3.49,234,71,6,0.0
5,2.15,262,70,1,0.0
16,3.63,198,69,7,0.0
15,4.39,50,161,4,0.0
4,2.53,275,63,6,0.0
6,5.54,46,161,1,0.0
18,2.69,297,38,7,61.56999999999999
1,7.09,163,180,8,0.0
4,2.68,183,31,2,13.040000000000006
13,8.49,84,116,6,0.0
14,5.14,147,112,10,0.0
11,9.12,244,19,2,91.36000000000001
12,6.15,336,3,5,100.0
10,7.1,80,138,10,0.0
11,5.3,33,82,8,0.0
1,7.01,359,34,6,0.0
1,3.05,279,108,3,0.0
13,5.55,132,180,5,0.0
2,5.69,53,80,2,0.0
15,3.58,42,103,6,0.0
9,3.73,71,152,3,0.0
20,5.1,73,117,3,0.0
6,9.14,178,41,2,22.42
11,9.28,106,20,2,89.84
0,2.05,229,38,9,0.0
15,5.31,174,133,7,0.0
12,8.55,59,171,4,0.0
2,4.38,271,171,10,0.0
10,5.75,361,74,4,0.0
8,1.87,361,46,4,0.0
7,8.49,174,180,3,0.0
10,7.76,321,138,2,0.0
9,7.35,183,126,2,0.0
4,6.6,200,141,3,0.0
14,9.44,170,129,8,0.0
11,7.21,231,148,6,0.0
20,1.78,110,84,4,0.0
13,9.46,252,80,10,0.0
5,2.44,177,36,8,0.0
1,6.9,253,85,2,0.0
17,1.54,338,54,4,25.620000000000005
13,8.75,311,125,5,0.0
2,8.94,120,64,3,0.0
7,9.24,365,109,2,0.0
13,1.92,132,150,9,0.0
16,8.15,231,0,4,100.0
10,5.77,197,14,5,81.81
8,4.54,263,84,2,0.0
13,5.04,12,66,8,0.0
6,4.06,137,38,4,10.180000000000007
14,8.81,179,172,2,0.0
6,8.2,15,107,7,0.0
2,9.31,153,75,2,0.0
12,1.5,99,153,9,0.0
3,4.28,216,113,7,0.0
11,9.91,62,104,7,0.0
15,3.35,83,47,10,26.05000000000001
7,8.93,60,129,1,0.0
20,6.74,242,158,1,0.0
15,8.13,63,80,6,0.0
2,4.12,171,170,1,0.0
6,7.51,239,169,3,0.0
17,4.35,40,100,4,0.0
7,2.28,27,152,7,0.0
17,3.09,106,156,2,0.0
2,7.18,310,148,7,0.0
13,5.73,95,21,6,81.19
13,4.98,41,1,1,100.0
4,7.43,186,145,7,0.0
0,7.75,244,86,3,0.0
12,8.26,138,166,6,0.0
16,8.83,11,129,9,0.0
7,7.39,36,89,5,0.0
8,1.51,155,72,5,0.0
2,2.49,56,102,4,0.0
7,1.46,232,162,7,0.0
9,3.26,255,20,9,51.28
7,2.21,133,65,10,0.0
16,6.42,130,143,2,0.0
13,4.24,220,120,3,0.0
6,6.53,193,115,3,0.0
6,6.72,95,167,8,0.0
4,9.33,107,90,4,0.0
15,8.03,142,79,5,0.0
3,7.93,115,103,4,0.0
18,2.25,139,141,10,0.0
11,1.96,178,92,2,0.0
10,2.06,279,78,1,0.0
20,2.4,252,16,7,100.0
7,5.57,158,156,6,0.0
11,7.34,170,155,8,0.0
5,7.15,191,180,10,0.0
10,8.2,168,149,2,0.0
3,1.62,102,21,5,20.36
0,1.87,163,18,10,4.609999999999999
1,3.0,212,152,3,0.0
19,6.79,3,62,7,30.870000000000005
18,2.69,62,106,8,0.0
13,8.47,40,141,4,0.0
18,6.67,82,57,10,31.00999999999999
2,7.75,4,36,10,0.0
4,2.3,266,130,2,0.0
5,4.74,183,108,4,0.0
9,4.41,51,23,9,48.730000000000004
14,9.34,182,5,8,100.0
15,8.86,57,36,10,64.57999999999998
2,9.87,163,177,4,0.0
11,6.41,169,154,9,0.0
20,2.17,247,34,8,76.50999999999999
6,2.17,267,52,7,0.0
17,7.42,230,146,6,0.0
5,9.7,120,112,2,0.0
19,9.73,48,162,4,0.0
1,8.28,284,179,5,0.0
10,4.12,106,1,1,100.0
12,5.96,146,82,7,0.0
5,6.07,165,27,7,28.710000000000008
7,7.17,191,19,4,62.50999999999999
1,5.55,48,100,9,0.0
10,1.19,9,98,3,0.0
18,2.68,310,74,4,0.0
4,3.88,41,163,7,0.0
15,4.65,350,54,10,15.949999999999989
20,3.42,219,95,9,0.0
6,6.93,151,178,7,0.0
8,2.05,292,34,1,26.650000000000006
6,2.83,270,14,3,55.989999999999995
19,7.63,351,68,9,18.389999999999986
13,3.92,134,77,10,0.0
1,2.23,257,180,10,0.0
19,5.32,313,97,7,0.0
16,1.15,341,13,5,99.94999999999999
19,7.61,338,26,9,100.0
1,8.48,209,167,1,0.0
2,8.36,265,37,6,2.0799999999999983
20,7.48,142,118,3,0.0
12,4.54,65,142,5,0.0
6,6.11,296,176,3,0.0
18,3.28,242,50,8,37.84
4,6.12,190,155,7,0.0
1,6.27,183,63,3,0.0
18,1.42,51,29,6,77.25999999999999
3,8.77,305,34,7,12.810000000000002
9,9.42,56,71,1,0.0
1,3.46,288,67,5,0.0
7,5.53,227,169,6,0.0
13,9.93,78,160,4,0.0
18,5.19,21,171,2,0.0
13,7.02,2,112,8,0.0
3,5.39,128,35,7,0.6700000000000017
15,8.85,295,148,5,0.0
12,4.77,313,86,4,0.0
0,4.83,348,102,3,0.0
5,5.67,198,131,4,0.0
0,6.3,365,70,5,0.0
4,7.69,68,121,2,0.0
6,4.94,303,105,10,0.0
6,5.01,92,119,6,0.0
10,5.56,321,44,6,19.680000000000007
20,6.53,191,165,2,0.0
4,2.95,88,169,2,0.0
6,3.09,168,28,8,21.269999999999996
12,5.24,201,92,3,0.0
1,6.49,18,106,2,0.0
2,7.74,178,96,2,0.0
5,9.79,335,157,3,0.0
15,3.77,143,59,10,3.3100000000000023
14,4.19,91,9,8,100.0
4,5.3,163,138,4,0.0
5,3.48,234,94,2,0.0
15,4.83,162,135,3,0.0
4,3.64,112,40,9,0.0
18,2.25,50,46,6,45.75
2,1.72,312,69,9,0.0
1,2.22,141,9,1,42.16
1,8.02,32,138,1,0.0
16,3.86,94,150,2,0.0
12,8.46,40,33,6,60.379999999999995
12,3.0,171,15,9,75.5
0,1.66,192,154,8,0.0
13,4.71,166,39,3,46.629999999999995
13,7.79,242,3,7,100.0
10,5.18,266,44,10,12.539999999999992
17,6.45,187,53,4,42.349999999999994
17,6.02,166,96,7,0.0
17,8.53,303,1,1,100.0
14,4.54,106,160,6,0.0
13,1.13,249,93,1,0.0
4,2.52,203,169,1,0.0
2,7.36,55,117,10,0.0
2,1.71,143,42,8,0.0
12,6.42,239,100,7,0.0
3,5.12,150,155,10,0.0
17,8.92,151,31,2,96.75999999999999
13,5.94,56,47,2,35.81999999999999
10,3.5,265,136,7,0.0
7,8.48,61,179,9,0.0
16,8.57,106,19,6,100.0
13,9.93,47,106,2,0.0
15,9.55,295,66,3,17.150000000000006
7,3.45,249,137,6,0.0
8,5.64,67,64,4,0.0
10,3.31,263,146,8,0.0
10,3.87,18,179,3,0.0
1,8.52,275,151,7,0.0
1,4.92,115,123,8,0.0
8,5.89,197,107,2,0.0
3,8.0,114,55,8,0.0
4,3.89,104,71,9,0.0
3,6.54,60,60,4,0.0
10,4.13,317,11,1,88.89
8,6.48,188,145,2,0.0
0,8.43,137,26,8,11.289999999999992
19,8.71,260,114,8,0.0
20,3.38,218,60,10,25.139999999999986
1,1.16,83,100,10,0.0
13,1.22,53,108,10,0.0
7,6.3,118,165,3,0.0
11,9.43,13,152,1,0.0
14,5.93,258,114,5,0.0
17,5.78,273,164,2,0.0
1,4.38,347,130,8,0.0
12,7.27,207,119,7,0.0
3,2.52,307,128,6,0.0
11,8.85,346,124,8,0.0
5,3.43,14,147,9,0.0
19,1.03,173,5,8,100.0
10,8.19,351,39,1,45.06999999999999
16,8.53,220,31,1,92.09
2,7.11,92,67,7,0.0
7,7.68,243,130,7,0.0
14,2.49,246,159,8,0.0
16,7.95,163,174,8,0.0
1,4.24,120,84,5,0.0
13,3.09,112,122,4,0.0
20,7.5,274,86,10,0.0
10,8.18,362,3,5,100.0
13,6.5,363,88,5,0.0
12,9.99,53,32,3,71.47
10,5.16,325,177,3,0.0
20,5.94,150,71,2,22.819999999999993
14,3.29,343,42,8,33.870000000000005
14,9.03,197,56,6,26.090000000000003
3,4.72,82,45,3,0.0
4,7.32,46,40,3,7.460000000000008
20,5.21,7,87,1,0.0
3,2.44,361,63,1,0.0
20,6.86,329,140,7,0.0
7,8.72,347,138,6,0.0
3,1.33,49,170,2,0.0
18,5.25,59,17,9,100.0
20,5.78,215,168,7,0.0
7,9.95,93,6,6,93.85
13,8.5,325,101,3,0.0
4,8.19,315,92,2,0.0
10,6.13,116,129,4,0.0
19,7.83,363,105,5,0.0
4,3.98,189,1,1,78.44
17,4.96,154,36,6,68.88
0,7.13,61,19,6,24.39
3,5.31,95,96,2,0.0
16,9.28,169,137,5,0.0
2,7.44,239,159,7,0.0
4,8.53,81,87,10,0.0
20,5.51,68,144,4,0.0
3,7.59,117,96,10,0.0
2,9.9,356,98,7,0.0
17,6.89,270,168,8,0.0
15,3.16,270,36,6,53.47999999999999
15,7.93,244,170,1,0.0
18,1.63,312,129,3,0.0
19,4.63,127,54,6,41.889999999999986
8,5.81,210,83,6,0.0
0,4.45,330,90,6,0.0
3,3.99,209,56,2,0.0
5,7.96,234,62,7,0.0
0,7.86,61,45,9,0.0
6,3.19,230,159,9,0.0
7,5.29,314,62,3,0.0
0,2.06,211,98,4,0.0
15,8.51,234,157,7,0.0
20,2.31,214,131,10,0.0
3,4.9,364,106,6,0.0
9,7.28,119,135,5,0.0
15,3.53,348,173,10,0.0
15,2.14,282,4,10,100.0
3,5.21,3,177,1,0.0
7,6.12,299,147,10,0.0
18,7.79,90,58,7,36.870000000000005
17,4.3,226,13,8,100.0
14,2.78,291,86,1,0.0
17,8.04,180,35,2,86.12
9,7.98,252,84,1,0.0
15,3.26,309,80,10,0.0
1,6.81,331,13,3,44.93000000000001
16,2.99,249,69,5,0.0
12,3.01,207,51,9,3.530000000000001
16,5.82,150,167,1,0.0
17,9.25,231,169,5,0.0
5,9.49,110,113,9,0.0
20,3.12,214,64,7,20.860000000000014
4,5.11,37,73,4,0.0
0,2.34,189,22,3,8.519999999999996
3,8.44,121,29,10,17.319999999999993
20,6.94,121,175,9,0.0
4,9.99,111,109,8,0.0
8,5.94,265,143,5,0.0
16,1.01,141,147,4,0.0
17,6.09,12,17,1,100.0
8,8.8,342,64,9,0.0
8,5.5,343,88,7,0.0
7,8.65,156,145,6,0.0
14,3.3,274,72,9,0.0
0,4.21,71,24,9,1.1299999999999955
2,1.64,66,17,6,21.92
7,2.2,88,170,2,0.0
18,7.16,137,33,7,84.97999999999999
20,5.78,346,7,10,100.0
15,1.52,351,145,6,0.0
10,7.19,274,165,1,0.0
1,8.35,333,25,4,24.049999999999997
16,1.69,138,14,1,100.0
19,8.66,300,125,5,0.0
8,5.0,20,99,8,0.0
6,3.95,232,175,9,0.0
19,7.38,79,7,9,100.0
7,2.69,226,22,4,43.06999999999999
20,1.81,118,133,4,0.0
8,4.54,353,155,2,0.0
13,5.37,85,34,1,61.610000000000014
1,5.78,234,93,9,0.0
11,7.55,233,139,5,0.0
11,3.75,205,89,9,0.0
5,1.62,310,51,8,0.0
12,4.94,84,163,1,0.0
5,9.46,86,111,9,0.0
13,8.41,200,127,2,0.0
18,6.09,226,94,5,0.0
4,6.78,129,81,7,0.0
12,4.25,346,159,4,0.0
18,1.5,324,32,3,76.0
20,9.54,147,18,2,100.0
18,2.62,28,49,1,48.360000000000014
14,2.58,268,94,3,0.0
4,4.95,95,9,2,63.849999999999994
4,4.54,133,62,7,0.0
7,2.36,129,51,7,0.0
11,2.79,359,37,9,25.870000000000005
9,9.37,136,99,6,0.0
18,5.02,87,82,4,0.0
14,7.45,316,119,5,0.0
5,2.72,189,90,3,0.0
11,9.51,314,167,5,0.0
9,9.22,347,39,1,43.16
3,7.43,246,158,8,0.0
12,6.55,206,176,6,0.0
4,2.79,144,17,5,36.870000000000005
12,3.18,103,51,1,16.040000000000006
19,2.3,305,96,3,0.0
11,4.5,225,128,1,0.0
3,7.59,151,15,5,50.269999999999996
10,2.01,353,77,5,0.0
18,6.3,96,172,6,0.0
9,5.87,247,92,5,0.0
11,8.05,178,20,9,75.65
16,6.79,198,64,7,11.870000000000005
6,8.39,296,98,9,0.0
11,5.39,45,1,2,100.0
4,6.92,341,170,10,0.0
18,8.4,183,134,4,0.0
5,3.05,170,113,9,0.0
6,7.33,82,115,1,0.0
18,4.33,2,62,1,27.49000000000001
6,5.04,16,175,9,0.0
17,6.81,98,150,5,0.0
9,9.11,141,35,10,37.33
2,9.43,38,130,3,0.0
5,9.32,330,176,7,0.0
14,5.38,2,81,1,0.0
4,6.78,23,86,5,0.0
20,8.74,187,124,8,0.0
1,1.25,321,158,1,0.0
17,2.29,270,39,7,53.370000000000005
18,4.09,113,85,2,0.0
19,4.88,76,177,1,0.0
0,9.25,28,144,6,0.0
3,9.03,71,91,5,0.0
5,6.05,96,68,4,0.0
4,7.66,230,73,5,0.0
1,3.87,245,149,1,0.0
16,7.27,176,67,4,11.810000000000002
16,5.51,223,101,8,0.0
1,3.12,161,144,6,0.0
17,4.62,270,14,7,100.0
13,1.31,350,161,4,0.0
16,1.92,291,139,10,0.0
10,8.78,54,115,10,0.0
10,7.22,314,21,2,76.66
7,1.68,99,47,4,0.0
11,8.69,13,18,8,83.07
7,7.74,132,27,5,46.72
6,6.2,112,70,5,0.0
16,7.96,87,127,10,0.0
11,7.87,26,56,2,13.610000000000014
20,3.22,3,54,4,45.66
1,4.06,274,43,3,0.0
19,2.81,64,59,9,21.930000000000007
3,2.96,282,1,7,61.379999999999995
15,5.6,305,158,9,0.0
3,6.46,339,109,9,0.0
2,5.68,226,113,6,0.0
20,6.97,225,160,8,0.0
6,4.04,330,150,6,0.0
19,6.85,137,54,6,48.55000000000001
19,3.56,124,11,10,100.0
14,7.22,324,63,8,3.6599999999999966
3,5.54,202,60,8,0.0
19,9.25,30,168,6,0.0
2,7.79,106,70,1,0.0
7,8.91,128,53,2,2.730000000000004
8,8.99,331,85,3,0.0
19,8.36,240,54,8,50.079999999999984
15,7.14,69,177,6,0.0
3,1.71,76,45,2,0.0
19,9.05,327,28,5,100.0
20,8.54,144,142,2,0.0
17,9.65,133,128,9,0.0
16,4.2,73,85,2,0.0
8,2.79,329,39,6,11.370000000000005
20,7.75,330,85,5,0.0
20,2.2,99,142,2,0.0
20,6.63,257,74,3,17.389999999999986
5,7.43,349,32,3,28.789999999999992
13,7.62,141,6,4,100.0
3,7.0,34,55,6,0.0
14,2.07,158,123,6,0.0
2,7.88,95,60,4,0.0
6,9.27,196,97,6,0.0
4,5.1,344,47,1,0.0
11,8.5,90,92,9,0.0
4,6.69,194,50,2,0.0
3,3.06,138,106,3,0.0
16,8.33,257,173,6,0.0
9,1.8,278,134,2,0.0
1,4.19,332,4,4,53.56999999999999
13,2.03,101,92,5,0.0
8,9.47,301,63,6,0.0
3,5.97,151,130,1,0.0
13,3.43,249,176,10,0.0
10,2.85,266,157,6,0.0
9,7.51,118,34,1,48.03
16,1.43,29,164,8,0.0
15,7.1,308,155,8,0.0
19,4.82,107,16,8,100.0
1,6.39,323,77,10,0.0
4,7.75,208,44,1,3.75
2,6.39,228,119,1,0.0
5,7.29,261,18,8,48.870000000000005
11,1.6,177,38,7,23.299999999999997
3,9.32,44,98,8,0.0
2,8.16,100,145,2,0.0
18,4.51,169,134,10,0.0
11,5.34,125,163,2,0.0
13,4.22,35,23,2,78.66
8,6.36,283,172,3,0.0
6,6.55,223,31,6,28.650000000000006
9,2.38,325,167,2,0.0
18,5.46,101,37,4,76.38
16,5.84,264,10,8,100.0
5,9.07,321,106,4,0.0
0,1.14,304,74,5,0.0
11,1.0,359,108,2,0.0
8,5.49,95,71,5,0.0
13,9.76,109,156,9,0.0
3,4.71,365,22,5,27.629999999999995
7,2.1,130,109,1,0.0
4,8.56,346,7,3,77.18
4,6.88,359,22,5,39.14
5,6.16,287,123,8,0.0
2,5.42,272,2,1,70.75999999999999
5,2.9,175,151,6,0.0
2,8.39,358,157,8,0.0
8,2.14,113,148,6,0.0
14,7.17,204,142,2,0.0
15,5.86,336,128,2,0.0
9,4.65,2,91,10,0.0
6,5.29,282,17,3,57.370000000000005
12,9.13,330,88,4,0.0
0,2.82,196,151,9,0.0
19,5.23,215,80,2,0.0
5,8.78,353,35,6,22.340000000000003
6,1.13,97,166,10,0.0
6,9.71,89,0,7,98.63
19,3.05,238,107,7,0.0
10,1.85,350,110,7,0.0
11,5.31,100,143,1,0.0
5,6.82,5,4,1,85.96000000000001
4,7.83,316,122,8,0.0
7,4.26,156,126,9,0.0
14,7.62,227,89,9,0.0
1,7.77,271,50,2,0.0
0,3.18,237,80,8,0.0
7,4.3,160,106,2,0.0
19,7.43,34,92,4,0.0
5,9.46,270,35,4,27.379999999999995
8,2.19,143,57,4,0.0
5,1.7,277,171,9,0.0
5,9.01,226,65,4,0.0
6,8.87,78,91,4,0.0
7,2.05,225,147,8,0.0
0,5.06,232,31,3,0.0
20,3.6,249,28,7,94.30000000000001
19,2.05,90,72,6,0.0
7,1.24,358,164,5,0.0
4,9.73,166,112,6,0.0
9,9.22,239,167,1,0.0
9,6.44,208,162,6,0.0
17,7.02,35,33,5,82.56
6,2.95,256,97,8,0.0
6,7.37,248,37,10,13.11
8,4.28,88,51,10,0.0
18,3.55,294,25,2,97.65
5,5.92,3,114,7,0.0
16,1.58,344,156,7,0.0
18,6.47,161,146,2,0.0
11,5.03,196,58,8,0.0
9,4.47,40,15,2,75.41
19,7.81,315,126,10,0.0
4,7.62,6,119,8,0.0
5,3.23,339,68,5,0.0
12,2.33,301,177,2,0.0
3,8.82,9,57,9,0.0
20,2.36,167,146,3,0.0
6,4.08,163,9,7,63.739999999999995
16,9.5,120,33,6,83.5
1,3.37,19,135,3,0.0
14,6.08,333,151,10,0.0
17,5.46,307,8,8,100.0
5,6.24,141,149,5,0.0
16,4.17,99,113,2,0.0
3,6.54,161,142,1,0.0
15,6.79,317,21,7,92.87
2,7.14,284,13,8,43.42
16,4.46,156,67,5,1.8799999999999955
19,9.65,98,19,1,100.0
10,2.72,233,52,10,0.0
16,7.7,243,129,2,0.0
11,1.32,274,12,4,78.96
6,4.23,277,51,4,0.0
17,1.33,308,26,6,77.99000000000001
18,2.35,303,41,8,53.05000000000001
10,3.58,161,119,7,0.0
5,4.56,142,165,5,0.0
2,1.08,283,75,6,0.0
9,5.23,219,156,7,0.0
6,9.72,204,132,3,0.0
11,8.72,128,7,3,100.0
13,4.76,250,160,6,0.0
13,5.53,317,100,4,0.0
8,8.8,137,80,9,0.0
9,9.3,115,40,9,29.400000000000006
2,8.1,70,47,7,0.0
13,6.91,237,17,9,88.22999999999999
10,5.31,287,73,1,0.0
1,9.9,100,97,5,0.0
8,4.63,268,35,6,24.89
8,1.19,324,58,10,0.0
13,5.47,287,164,6,0.0
9,7.47,103,45,5,19.909999999999997
18,7.88,221,141,2,0.0
19,1.22,27,25,6,89.66
13,8.6,237,34,6,63.80000000000001
4,1.73,162,71,4,0.0
7,3.14,88,129,10,0.0
12,7.37,40,22,10,73.11000000000001
14,6.43,360,21,3,92.78999999999999
15,3.94,258,106,7,0.0
13,6.07,166,30,3,68.71000000000001
16,8.58,64,165,7,0.0
17,2.47,238,23,3,91.91
2,6.62,247,54,3,0.0
13,6.98,281,12,2,100.0
16,5.84,173,5,6,100.0
14,2.62,186,31,7,55.36
11,7.64,277,13,4,95.92
2,2.44,328,95,10,0.0
18,6.79,280,114,10,0.0
19,7.93,124,108,3,0.0
14,9.28,347,125,4,0.0
18,7.16,179,1,4,100.0
16,1.81,37,169,6,0.0
4,3.96,233,22,2,34.879999999999995
8,2.86,160,101,6,0.0
20,9.76,151,125,6,0.0
16,6.0,96,68,10,0.0
1,4.71,283,51,3,0.0
16,9.22,54,153,7,0.0
7,8.76,155,78,10,0.0
10,1.27,203,178,7,0.0
1,5.79,127,83,9,0.0
2,4.38,314,164,1,0.0
2,7.77,111,80,9,0.0
3,2.92,169,46,5,0.0
12,7.38,47,16,3,95.63999999999999
15,7.0,64,108,8,0.0
15,3.17,10,82,1,0.0
11,7.63,17,126,8,0.0
6,9.42,56,0,1,100.0
0,1.73,97,60,5,0.0
17,8.24,338,173,3,0.0
6,9.02,291,44,5,11.560000000000002
14,4.71,317,172,2,0.0
17,7.71,352,17,8,100.0
19,3.09,169,17,7,100.0
5,1.57,129,128,2,0.0
7,8.64,306,70,2,0.0
20,7.69,112,114,3,0.0
6,9.47,259,149,6,0.0
7,9.27,46,175,3,0.0
7,7.54,122,37,2,30.620000000000005
14,6.93,143,10,7,100.0
13,4.95,348,50,3,25.349999999999994
16,1.12,132,52,1,27.860000000000014
8,3.4,80,111,10,0.0
8,7.99,152,21,5,64.47
15,2.27,346,62,4,1.8100000000000023
11,1.41,169,35,3,34.730000000000004
13,5.73,271,63,3,1.6899999999999977
4,7.1,295,41,4,3.299999999999997
14,3.36,24,45,5,32.58000000000001
12,6.41,130,140,1,0.0
9,8.01,190,50,3,14.530000000000001
20,7.16,160,127,2,0.0
19,8.82,216,102,7,0.0
8,5.17,41,97,8,0.0
20,7.28,336,175,2,0.0
0,2.27,134,2,5,45.31
10,5.75,298,54,5,1.75
10,7.41,353,166,10,0.0
1,9.36,51,142,4,0.0
14,4.41,47,65,2,0.22999999999998977
15,7.27,288,26,9,81.31
7,8.19,257,34,5,34.06999999999999
2,1.42,3,15,9,20.760000000000005
16,3.77,319,117,7,0.0
5,8.07,221,40,4,13.210000000000008
7,2.16,263,64,8,0.0
20,2.97,266,173,10,0.0
0,2.72,31,136,3,0.0
13,1.41,77,42,9,21.730000000000004
13,2.67,184,44,6,26.010000000000005
20,6.36,120,132,4,0.0
18,6.8,90,6,5,100.0
19,3.06,2,59,2,33.18000000000001
6,6.54,55,49,3,0.0
8,8.75,117,1,1,100.0
8,5.62,303,94,5,0.0
16,1.88,189,172,8,0.0
5,3.53,184,85,4,0.0
5,7.38,103,118,8,0.0
12,8.31,118,9,9,100.0
16,4.11,207,124,4,0.0
7,3.23,181,115,3,0.0
19,5.6,78,72,2,14.800000000000011
0,2.89,50,80,5,0.0
2,5.09,126,70,7,0.0
14,7.79,322,79,4,0.0
9,5.83,205,11,4,84.49000000000001
5,1.97,227,1,5,71.41
0,2.14,322,144,8,0.0
0,5.9,258,114,6,0.0
4,5.51,251,159,4,0.0
16,2.2,100,73,9,0.0
19,2.73,325,167,7,0.0
2,8.3,203,84,5,0.0
9,2.73,90,129,2,0.0
18,2.22,194,88,3,0.0
11,3.34,59,93,3,0.0
16,5.86,66,42,9,50.08000000000001
3,3.55,142,9,5,50.150000000000006
1,7.23,344,86,10,0.0
9,6.8,189,84,5,0.0
0,4.56,41,6,5,44.18
18,6.84,302,123,3,0.0
6,1.65,261,131,8,0.0
2,4.35,246,147,9,0.0
17,3.17,21,42,2,57.50999999999999
4,1.01,90,39,1,0.0
15,3.31,216,68,3,0.0
16,2.23,106,24,4,82.69
15,7.41,205,10,2,100.0
12,3.89,156,56,10,0.0
4,7.49,351,62,9,0.0
6,5.63,216,132,1,0.0
2,3.15,91,33,2,0.45000000000000284
15,4.87,230,58,7,13.110000000000014
7,5.28,178,146,5,0.0
2,5.7,52,79,9,0.0
7,3.69,28,107,8,0.0
15,4.3,134,90,10,0.0
3,7.76,3,27,8,22.28
3,6.3,38,80,6,0.0
4,5.42,201,104,8,0.0
14,9.82,39,74,2,0.0
0,7.42,30,151,5,0.0
13,6.47,21,156,7,0.0
19,4.68,35,77,3,0.539999999999992
4,4.68,94,100,6,0.0
1,7.79,302,158,3,0.0
16,3.49,241,127,10,0.0
19,6.59,215,180,2,0.0
3,2.14,30,48,4,0.0
7,4.99,182,120,8,0.0
3,3.32,217,8,3,54.459999999999994
12,9.56,147,95,8,0.0
2,9.54,320,115,6,0.0
12,1.14,294,162,10,0.0
1,8.58,243,23,1,33.24000000000001
18,8.87,203,41,2,81.61000000000001
19,7.19,42,45,5,69.07
6,5.48,283,9,8,66.44
16,1.5,201,66,2,0.0
16,9.5,276,118,10,0.0
15,9.89,278,77,10,0.0
15,7.16,190,6,7,100.0
0,1.71,205,62,4,0.0
10,5.66,127,35,9,33.480000000000004
9,5.53,208,12,7,77.09
4,6.64,324,41,7,0.0
20,2.01,276,128,9,0.0
6,6.93,332,136,7,0.0
12,9.04,125,55,8,15.120000000000005
12,9.31,255,108,9,0.0
15,5.67,184,128,3,0.0
7,6.05,5,17,5,61.650000000000006
17,3.98,10,157,7,0.0
0,5.14,101,141,4,0.0
7,3.74,302,171,8,0.0
16,1.17,96,32,2,66.50999999999999
1,5.72,340,71,6,0.0
13,2.74,146,159,10,0.0
5,3.97,269,61,10,0.0
18,5.35,4,153,4,0.0
9,6.8,325,129,2,0.0
20,5.72,67,38,7,80.66
8,4.52,134,137,7,0.0
0,4.66,322,90,1,0.0
7,9.4,334,101,9,0.0
1,6.74,327,176,6,0.0
4,7.55,222,158,3,0.0
15,1.23,11,178,8,0.0
4,5.68,108,133,7,0.0
20,3.26,139,167,3,0.0
15,4.84,67,98,3,0.0
15,1.06,156,93,6,0.0
16,9.02,290,172,1,0.0
2,3.73,127,120,4,0.0
8,4.77,174,7,1,88.81
0,6.69,333,46,3,0.0
8,4.12,60,40,2,19.36
5,9.66,188,119,6,0.0
15,8.0,255,20,9,95.5
15,2.37,330,55,10,7.110000000000014
16,9.89,1,138,6,0.0
16,6.24,179,65,1,17.22
0,6.09,178,69,2,0.0
16,5.18,215,153,8,0.0
20,5.84,206,91,9,0.0
11,3.88,33,92,3,0.0
6,9.15,85,26,9,41.95
10,7.3,268,95,10,0.0
12,1.8,292,15,9,71.9
20,7.46,85,160,8,0.0
15,5.73,335,129,2,0.0
10,4.22,89,162,2,0.0
12,1.98,270,138,4,0.0
15,6.14,324,10,3,100.0
2,9.27,319,79,6,0.0
9,9.77,350,33,8,46.31
5,3.97,153,66,5,0.0
12,5.95,329,83,6,0.0
8,2.77,134,78,8,0.0
17,1.44,311,25,10,74.32
10,3.22,28,50,8,0.0
13,4.66,241,59,5,3.4799999999999898
12,3.32,128,63,6,0.0
2,7.55,51,44,3,0.0
15,3.56,18,96,1,0.0
13,7.54,257,3,1,100.0
11,7.52,40,167,5,0.0
8,2.15,220,157,4,0.0
15,3.89,32,134,2,0.0
15,1.62,210,43,2,40.860000000000014
12,4.29,189,0,1,100.0
10,7.99,169,22,8,67.97
1,2.23,140,59,6,0.0
20,9.52,84,139,9,0.0
12,9.25,256,146,6,0.0
2,7.77,347,68,7,0.0
0,4.38,19,11,1,39.64
18,6.44,297,82,9,0.0
5,9.44,331,20,7,52.81999999999999
14,6.06,14,68,7,0.0
4,3.59,41,48,5,0.0
18,4.12,33,93,10,0.0
18,5.93,76,160,8,0.0
7,8.58,193,46,2,15.740000000000009
7,3.9,232,42,9,0.0
9,7.45,235,66,4,0.0
2,1.53,142,109,8,0.0
16,9.43,318,9,8,100.0
0,2.5,178,118,9,0.0
7,1.51,204,104,8,0.0
16,5.22,112,120,10,0.0
1,5.86,130,171,6,0.0
4,5.33,178,34,7,7.489999999999995
14,4.42,62,174,4,0.0
4,8.3,5,59,7,0.0
1,9.13,77,49,8,0.0
11,5.22,336,70,1,0.0
13,7.58,159,24,4,83.74000000000001
11,9.46,295,36,2,58.379999999999995
8,7.74,137,172,6,0.0
17,1.75,66,27,8,74.25
3,2.7,177,100,3,0.0
12,7.88,203,57,1,18.139999999999986
4,2.0,311,81,1,0.0
3,8.24,5,62,4,0.0
1,7.6,58,157,5,0.0
11,7.58,273,159,1,0.0
5,9.21,78,13,1,75.13
14,3.35,298,16,9,84.55000000000001
12,9.42,343,121,4,0.0
19,9.7,323,49,6,67.1
15,2.16,205,89,7,0.0
9,8.87,39,52,7,7.109999999999999
2,6.98,157,8,2,61.94
11,4.32,300,19,6,70.96000000000001
6,5.18,325,39,2,14.539999999999992
17,1.13,50,43,8,40.389999999999986
7,9.12,280,59,5,0.0
19,2.78,361,132,10,0.0
6,3.51,310,147,1,0.0
7,3.75,111,1,1,92.75
1,5.36,234,30,7,0.5799999999999983
6,8.92,337,152,6,0.0
18,8.33,235,159,7,0.0
15,7.83,277,36,7,65.99000000000001
11,8.65,343,139,4,0.0
2,6.0,103,6,7,55.5
12,3.36,301,89,1,0.0
0,7.77,204,58,6,0.0
0,6.73,173,92,9,0.0
13,1.12,336,77,2,0.0
7,6.14,340,7,8,77.42
7,7.37,20,174,6,0.0
8,9.0,196,47,7,12.5
2,2.21,155,25,6,7.6299999999999955
19,3.92,237,44,6,59.75999999999999
7,3.51,175,143,2,0.0
14,8.37,226,81,6,0.0
13,1.76,228,16,9,74.78
18,9.75,127,169,1,0.0
12,6.6,309,81,5,0.0
1,9.81,239,141,5,0.0
16,4.06,305,125,1,0.0
18,9.2,15,14,1,100.0
4,2.1,234,80,8,0.0
5,9.52,194,130,7,0.0
17,2.98,95,21,6,92.94
8,6.23,332,23,5,55.19
6,6.18,210,143,1,0.0
0,6.27,203,58,6,0.0
4,9.82,332,164,2,0.0
18,5.73,68,132,3,0.0
19,2.57,164,89,4,0.0
2,8.58,359,62,4,0.0
3,5.76,253,172,4,0.0
15,4.25,312,59,3,15.25
17,4.44,315,117,6,0.0
20,8.6,158,139,9,0.0
17,9.44,132,99,1,0.0
14,5.75,318,152,5,0.0
2,2.21,354,163,7,0.0
7,5.98,26,17,1,67.44
4,3.71,68,59,4,0.0
7,9.61,225,25,8,51.83
7,1.05,294,84,8,0.0
6,7.49,59,148,7,0.0
10,4.95,154,180,4,0.0
4,1.9,361,127,8,0.0
18,3.46,320,85,3,0.0
11,7.9,126,176,3,0.0
2,6.16,185,165,2,0.0
20,2.04,58,151,1,0.0
1,9.73,228,141,4,0.0
12,5.68,34,174,5,0.0
19,4.97,34,128,1,0.0
8,3.73,92,95,9,0.0
6,7.47,105,81,7,0.0
20,5.72,320,15,3,100.0
18,4.96,286,74,10,0.0
16,5.37,259,90,9,0.0
2,7.38,74,69,10,0.0
8,6.25,152,33,7,32.25
8,4.58,77,96,10,0.0
2,1.33,35,152,8,0.0
0,5.76,356,42,7,0.0
16,3.54,335,58,7,14.120000000000005
17,2.07,35,57,5,19.710000000000008
9,3.54,255,160,10,0.0
10,1.02,99,164,2,0.0
7,4.1,223,36,8,13.299999999999997
14,5.01,170,116,6,0.0
13,2.81,146,64,5,0.0
12,5.17,286,139,8,0.0
11,2.15,17,59,9,0.0
13,9.94,310,150,2,0.0
1,2.68,294,164,2,0.0
13,9.6,346,108,5,0.0
4,4.98,221,164,4,0.0
0,1.3,319,2,5,42.4
4,7.51,72,14,7,54.03
10,7.71,351,3,7,100.0
10,7.76,35,53,10,2.280000000000001
12,1.85,171,134,8,0.0
18,3.42,305,85,6,0.0
4,9.66,242,145,1,0.0
10,6.3,230,76,4,0.0
10,2.47,67,133,9,0.0
18,8.66,10,11,6,100.0
17,7.42,161,139,7,0.0
20,8.16,96,158,5,0.0
14,8.89,91,132,1,0.0
9,8.55,213,89,4,0.0
12,1.43,170,157,9,0.0
2,1.27,208,56,7,0.0
7,6.58,168,48,5,1.240000000000009
18,6.93,120,41,5,71.28999999999999
5,7.13,103,97,5,0.0
10,2.96,146,47,9,1.3799999999999955
15,7.85,200,116,7,0.0
5,2.66,333,169,3,0.0
9,6.41,226,120,10,0.0
13,4.9,180,0,3,100.0
18,9.65,247,34,2,97.94999999999999
14,7.16,81,1,2,100.0
7,7.34,86,164,3,0.0
3,9.03,171,109,9,0.0
15,6.36,263,124,4,0.0
10,6.18,2,58,8,0.0
9,1.45,237,101,3,0.0
17,1.51,92,169,3,0.0
8,5.11,35,2,7,90.83
10,8.9,102,95,2,0.0
3,9.44,254,177,7,0.0
12,5.93,213,9,6,100.0
14,6.52,252,109,8,0.0
0,9.97,65,54,7,0.0
0,3.26,120,100,7,0.0
15,9.71,262,82,10,0.0
16,3.78,43,77,8,0.0
12,6.03,315,178,5,0.0
11,1.96,344,101,2,0.0
8,5.88,133,27,3,49.14
1,5.0,212,65,2,0.0
2,4.01,334,170,10,0.0
19,8.55,314,40,6,81.65
10,6.97,257,178,4,0.0
16,8.82,106,166,3,0.0
18,1.98,71,45,1,54.44
15,5.01,7,107,10,0.0
11,3.64,306,60,3,0.0
14,2.25,34,71,5,0.0
4,4.0,325,3,7,65.5
8,3.63,345,125,6,0.0
13,3.33,78,78,2,0.0
16,3.77,322,133,6,0.0
0,3.73,14,52,7,0.0
16,3.35,157,161,7,0.0
15,8.26,63,81,4,0.0
14,9.94,299,177,9,0.0
12,9.05,364,79,3,0.0
16,4.13,221,76,2,0.0
0,2.03,159,59,8,0.0
20,9.17,43,98,10,0.0
0,4.78,179,105,1,0.0
12,1.09,82,19,4,69.27
13,1.4,10,98,9,0.0
8,8.94,242,72,2,0.0
18,2.87,83,54,4,34.610000000000014
8,4.52,333,98,4,0.0
7,9.74,127,159,5,0.0
18,7.59,44,36,7,80.27000000000001
13,1.31,329,135,5,0.0
2,7.49,285,93,2,0.0
12,1.39,187,86,7,0.0
13,4.98,163,79,2,0.0
2,3.99,167,105,3,0.0
5,6.0,25,77,10,0.0
5,1.11,361,106,9,0.0
18,5.03,246,69,8,5.090000000000003
15,7.98,46,15,4,100.0
14,1.85,69,140,2,0.0
9,3.13,297,64,8,0.0
8,9.64,132,103,9,0.0
9,8.17,21,123,1,0.0
10,3.11,214,153,3,0.0
4,7.44,121,3,4,80.32
12,2.98,312,78,7,0.0
10,4.83,358,41,7,21.989999999999995
16,1.79,242,96,6,0.0
5,2.25,348,175,8,0.0
2,8.03,284,96,6,0.0
18,7.62,332,93,4,0.0
14,1.6,361,141,3,0.0
17,2.71,190,50,7,32.629999999999995
16,9.67,10,22,3,100.0
2,2.85,61,149,4,0.0
0,7.98,335,45,4,0.0
2,3.37,128,44,9,0.0
9,8.17,9,42,2,32.50999999999999
5,6.34,272,83,9,0.0
13,8.8,227,49,9,29.900000000000006
0,8.41,242,54,9,0.0
14,6.35,132,167,5,0.0
10,6.31,266,72,6,0.0
0,5.52,231,150,6,0.0
11,5.64,314,114,6,0.0
17,6.78,178,66,3,18.840000000000003
2,5.01,320,29,9,3.530000000000001
15,2.36,137,17,8,86.08000000000001
9,3.55,363,91,1,0.0
2,6.87,156,108,10,0.0
5,6.33,95,146,3,0.0
10,1.19,43,56,10,0.0
4,1.78,329,86,5,0.0
11,9.18,245,146,9,0.0
8,4.78,74,116,10,0.0
3,9.63,320,116,6,0.0
10,2.21,146,16,4,68.63
14,2.63,65,71,7,0.0
20,3.34,229,26,1,100.0
20,1.5,191,126,10,0.0
14,5.65,285,78,1,0.0
4,1.28,342,111,8,0.0
14,2.6,10,120,5,0.0
8,2.76,8,179,1,0.0
13,3.15,96,81,1,0.0
13,8.32,32,81,9,0.0
13,3.36,283,167,5,0.0
15,1.37,210,123,3,0.0
20,3.52,227,108,6,0.0
19,6.38,156,111,10,0.0
15,9.1,44,157,4,0.0
18,8.42,81,63,10,24.25999999999999
1,7.01,15,53,7,0.0
0,4.24,167,26,9,0.0
16,3.01,196,106,8,0.0
16,9.92,28,103,6,0.0
4,8.42,224,21,1,51.75999999999999
9,2.03,38,99,4,0.0
0,4.97,330,132,9,0.0
17,4.02,308,136,7,0.0
14,6.57,249,108,10,0.0
0,1.33,318,10,3,29.490000000000002
3,3.83,209,69,9,0.0
0,6.17,213,134,9,0.0
10,1.92,128,148,7,0.0
17,8.31,262,67,10,10.930000000000007
1,3.41,247,71,10,0.0
10,8.13,88,49,1,24.89
11,1.4,152,27,8,43.2
2,8.17,290,28,9,15.009999999999991
5,5.42,81,171,3,0.0
11,1.5,86,31,10,32.5
17,4.24,210,180,4,0.0
12,9.97,47,119,6,0.0
20,5.63,125,180,1,0.0
4,3.92,167,84,5,0.0
8,7.06,144,47,9,3.680000000000007
18,3.95,46,17,2,100.0
2,6.96,50,92,8,0.0
9,7.06,204,27,4,56.18000000000001
0,1.93,211,129,3,0.0
7,5.32,345,51,6,0.0
15,3.93,340,115,5,0.0
15,9.72,241,56,2,39.16
13,3.09,17,79,2,0.0
16,7.2,32,163,9,0.0
9,1.42,195,127,3,0.0
8,4.31,230,102,8,0.0
8,7.53,166,33,2,43.59
0,6.79,172,106,8,0.0
13,8.07,59,64,5,3.710000000000008
9,9.9,175,4,2,100.0
13,7.57,171,148,6,0.0
2,6.01,346,129,4,0.0
12,9.24,30,7,3,100.0
4,2.52,166,110,5,0.0
10,3.28,65,101,1,0.0
7,7.41,55,48,2,8.230000000000004
8,6.69,72,129,9,0.0
14,9.43,262,171,1,0.0
19,7.4,347,26,6,100.0
9,3.22,326,83,10,0.0
15,2.57,143,161,9,0.0
16,1.71,83,11,4,100.0
14,7.56,288,16,8,98.68
20,4.57,327,139,1,0.0
12,6.41,164,128,9,0.0
6,9.61,149,173,7,0.0
7,3.77,64,107,3,0.0
7,7.95,25,156,10,0.0
18,2.92,310,114,10,0.0
19,8.91,74,24,2,100.0
4,5.03,19,93,8,0.0
13,9.08,96,90,7,0.0
9,2.68,306,96,2,0.0
16,2.77,224,125,4,0.0
18,3.06,201,157,4,0.0
9,6.74,338,143,7,0.0
4,1.37,27,13,6,39.11
19,7.45,114,127,4,0.0
15,5.73,217,173,10,0.0
12,6.19,193,105,8,0.0
13,5.17,156,79,2,0.0
11,7.47,253,103,10,0.0
14,2.59,34,90,6,0.0
8,6.3,3,171,5,0.0
6,8.63,339,53,2,0.0
8,8.63,116,101,1,0.0
9,3.58,247,29,1,46.239999999999995
19,9.78,309,30,1,100.0
6,2.59,257,37,3,9.269999999999996
16,3.05,335,105,2,0.0
4,3.89,310,108,7,0.0
6,2.35,268,174,4,0.0
20,4.59,325,33,9,84.27000000000001
14,1.11,81,23,2,74.33
13,5.72,242,29,4,68.16
